,Measure,Capec Id,MiniLM,ATTACK,GPT,Mpnet,Multilingual,Jaccard
0,0,1,0.65,0.65,0.91,0.73,0.76,0.17
0,0,10,0.52,0.63,0.85,0.55,0.63,0.1
0,0,100,0.68,0.76,0.88,0.63,0.72,0.13
0,0,101,0.68,0.67,0.91,0.8,0.72,0.13
0,0,102,0.68,0.75,0.9,0.79,0.76,0.15
0,0,103,0.31,0.16,0.8,0.28,0.36,0.04
0,0,104,0.71,0.65,0.86,0.67,0.6,0.15
0,0,105,0.74,0.78,0.89,0.7,0.82,0.2
0,0,107,0.7,0.47,0.92,0.73,0.78,0.12
0,0,108,0.46,0.43,0.86,0.49,0.53,0.1
0,0,109,0.68,0.48,0.9,0.58,0.65,0.13
0,0,11,0.57,0.63,0.87,0.62,0.48,0.12
0,0,110,0.62,0.61,0.88,0.64,0.56,0.17
0,0,111,0.61,0.8,0.91,0.69,0.7,0.14
0,0,112,0.38,0.4,0.83,0.31,0.59,0.1
0,0,113,0.64,0.8,0.88,0.73,0.6,0.11
0,0,114,0.46,0.64,0.87,0.54,0.59,0.09
0,0,115,0.51,0.61,0.89,0.51,0.75,0.17
0,0,116,0.5,0.55,0.84,0.58,0.57,0.1
0,0,117,0.58,0.57,0.86,0.49,0.58,0.1
0,0,12,0.53,0.49,0.87,0.5,0.58,0.1
0,0,120,0.69,0.8,0.88,0.6,0.69,0.16
0,0,121,0.59,0.55,0.86,0.64,0.6,0.14
0,0,122,0.75,0.86,0.9,0.81,0.81,0.28
0,0,123,0.57,0.72,0.86,0.65,0.55,0.15
0,0,124,0.51,0.4,0.83,0.51,0.42,0.1
0,0,125,0.58,0.79,0.86,0.72,0.51,0.13
0,0,126,0.36,0.36,0.81,0.49,0.43,0.12
0,0,127,0.58,0.66,0.85,0.59,0.32,0.08
0,0,128,0.33,0.53,0.84,0.58,0.36,0.09
0,0,129,0.48,0.61,0.83,0.58,0.47,0.09
0,0,13,0.45,0.52,0.86,0.48,0.49,0.11
0,0,130,0.43,0.44,0.82,0.41,0.54,0.06
0,0,131,0.47,0.53,0.83,0.51,0.54,0.04
0,0,132,0.45,0.51,0.85,0.52,0.34,0.07
0,0,133,0.58,0.47,0.85,0.52,0.59,0.11
0,0,134,0.55,0.64,0.81,0.54,0.48,0.05
0,0,135,0.64,0.69,0.87,0.71,0.49,0.14
0,0,136,0.65,0.77,0.89,0.69,0.66,0.16
0,0,137,0.29,0.26,0.79,0.26,0.32,0.08
0,0,138,0.61,0.75,0.86,0.71,0.39,0.14
0,0,139,0.41,0.47,0.83,0.51,0.52,0.1
0,0,14,0.45,0.46,0.84,0.46,0.56,0.1
0,0,140,0.47,0.45,0.85,0.55,0.39,0.08
0,0,141,0.67,0.8,0.86,0.71,0.64,0.09
0,0,142,0.44,0.57,0.85,0.49,0.41,0.06
0,0,143,0.45,0.69,0.86,0.56,0.68,0.08
0,0,144,0.64,0.68,0.88,0.67,0.7,0.07
0,0,145,0.6,0.84,0.9,0.64,0.71,0.11
0,0,146,0.76,0.86,0.9,0.79,0.65,0.12
0,0,147,0.59,0.7,0.89,0.64,0.77,0.21
0,0,148,0.23,0.23,0.77,0.21,0.26,0.08
0,0,149,0.63,0.62,0.88,0.69,0.68,0.2
0,0,15,0.55,0.45,0.85,0.45,0.66,0.15
0,0,150,0.48,0.4,0.85,0.46,0.58,0.09
0,0,151,0.54,0.69,0.87,0.57,0.5,0.07
0,0,153,0.71,0.8,0.9,0.69,0.71,0.11
0,0,154,0.45,0.65,0.82,0.6,0.33,0.07
0,0,155,0.77,0.79,0.94,0.84,0.81,0.21
0,0,157,0.54,0.65,0.84,0.47,0.59,0.09
0,0,158,0.59,0.65,0.89,0.58,0.64,0.14
0,0,159,0.58,0.64,0.87,0.64,0.53,0.13
0,0,16,0.51,0.74,0.86,0.53,0.68,0.09
0,0,160,0.75,0.68,0.9,0.72,0.69,0.14
0,0,161,0.44,0.5,0.86,0.52,0.61,0.08
0,0,162,0.43,0.62,0.85,0.59,0.49,0.13
0,0,163,0.65,0.83,0.89,0.69,0.67,0.11
0,0,164,0.61,0.81,0.88,0.71,0.63,0.11
0,0,165,0.58,0.65,0.86,0.62,0.57,0.08
0,0,166,0.56,0.69,0.9,0.61,0.68,0.14
0,0,167,0.81,0.7,0.92,0.79,0.8,0.16
0,0,168,0.72,0.79,0.91,0.82,0.72,0.13
0,0,169,0.38,0.51,0.83,0.38,0.53,0.08
0,0,17,0.5,0.42,0.86,0.55,0.59,0.12
0,0,170,0.66,0.67,0.89,0.69,0.75,0.16
0,0,173,0.46,0.47,0.85,0.54,0.49,0.13
0,0,174,0.75,0.8,0.92,0.78,0.54,0.18
0,0,175,0.49,0.55,0.84,0.55,0.57,0.12
0,0,176,0.61,0.57,0.86,0.59,0.43,0.11
0,0,177,0.6,0.77,0.87,0.75,0.53,0.11
0,0,178,0.68,0.78,0.88,0.78,0.51,0.11
0,0,179,0.54,0.45,0.87,0.63,0.52,0.09
0,0,18,0.6,0.64,0.91,0.65,0.83,0.23
0,0,180,0.65,0.65,0.91,0.59,0.76,0.16
0,0,181,0.7,0.81,0.91,0.81,0.77,0.15
0,0,182,0.55,0.58,0.86,0.57,0.55,0.09
0,0,183,0.84,0.88,0.91,0.83,0.74,0.22
0,0,184,0.44,0.39,0.83,0.36,0.62,0.05
0,0,185,0.45,0.37,0.82,0.56,0.62,0.06
0,0,186,0.51,0.75,0.88,0.62,0.73,0.11
0,0,187,0.83,0.91,0.94,0.88,0.8,0.31
0,0,188,0.87,0.86,0.96,0.89,0.75,0.5
0,0,189,0.72,0.63,0.9,0.69,0.76,0.18
0,0,19,0.25,0.24,0.81,0.31,0.46,0.05
0,0,190,1.0,1.0,1.0,1.0,1.0,0.96
0,0,191,0.75,0.82,0.92,0.79,0.81,0.21
0,0,192,0.97,0.96,0.99,0.97,0.98,0.64
0,0,193,0.66,0.56,0.88,0.61,0.56,0.14
0,0,194,0.59,0.76,0.88,0.6,0.54,0.15
0,0,195,0.65,0.72,0.91,0.67,0.62,0.14
0,0,196,0.73,0.72,0.9,0.65,0.78,0.13
0,0,197,0.71,0.78,0.89,0.74,0.68,0.17
0,0,198,0.49,0.49,0.81,0.39,0.47,0.07
0,0,199,0.59,0.63,0.88,0.67,0.59,0.13
0,0,2,0.83,0.78,0.95,0.8,0.87,0.3
0,0,20,0.34,0.54,0.83,0.46,0.63,0.06
0,0,200,0.68,0.76,0.91,0.69,0.79,0.15
0,0,201,0.6,0.76,0.87,0.72,0.54,0.1
0,0,202,0.56,0.56,0.87,0.67,0.59,0.13
0,0,203,0.74,0.87,0.89,0.81,0.58,0.1
0,0,204,0.79,0.9,0.9,0.86,0.71,0.18
0,0,206,0.68,0.87,0.91,0.65,0.72,0.15
0,0,207,0.61,0.75,0.87,0.62,0.8,0.12
0,0,208,0.55,0.66,0.86,0.65,0.49,0.09
0,0,209,0.71,0.74,0.89,0.66,0.7,0.14
0,0,21,0.52,0.53,0.87,0.6,0.71,0.06
0,0,212,0.33,0.47,0.8,0.38,0.4,0.07
0,0,215,0.38,0.32,0.8,0.3,0.38,0.12
0,0,216,0.55,0.57,0.84,0.53,0.67,0.1
0,0,217,0.62,0.8,0.89,0.65,0.75,0.18
0,0,218,0.57,0.55,0.89,0.62,0.54,0.17
0,0,219,0.67,0.73,0.92,0.75,0.65,0.15
0,0,22,0.45,0.52,0.85,0.49,0.64,0.08
0,0,220,0.6,0.75,0.88,0.67,0.63,0.11
0,0,221,0.59,0.8,0.92,0.65,0.81,0.13
0,0,222,0.58,0.66,0.86,0.62,0.52,0.06
0,0,224,0.46,0.38,0.83,0.42,0.61,0.16
0,0,226,0.45,0.54,0.86,0.42,0.72,0.12
0,0,227,0.81,0.72,0.95,0.81,0.86,0.22
0,0,228,0.79,0.67,0.92,0.76,0.73,0.15
0,0,229,0.79,0.75,0.88,0.68,0.7,0.16
0,0,23,0.55,0.43,0.87,0.47,0.51,0.16
0,0,230,0.5,0.28,0.81,0.54,0.24,0.1
0,0,231,0.68,0.89,0.88,0.75,0.69,0.08
0,0,233,0.56,0.62,0.81,0.4,0.44,0.04
0,0,234,0.63,0.79,0.9,0.64,0.76,0.18
0,0,237,0.75,0.87,0.94,0.83,0.79,0.17
0,0,24,0.54,0.57,0.83,0.49,0.65,0.1
0,0,240,0.54,0.73,0.88,0.75,0.58,0.14
0,0,242,0.57,0.63,0.87,0.64,0.61,0.13
0,0,243,0.68,0.78,0.92,0.74,0.81,0.12
0,0,244,0.55,0.6,0.84,0.6,0.54,0.09
0,0,245,0.73,0.76,0.9,0.64,0.68,0.14
0,0,247,0.53,0.74,0.89,0.66,0.52,0.11
0,0,248,0.53,0.61,0.86,0.72,0.51,0.13
0,0,25,0.62,0.74,0.89,0.75,0.66,0.1
0,0,250,0.66,0.65,0.9,0.73,0.68,0.11
0,0,251,0.4,0.31,0.83,0.38,0.47,0.09
0,0,252,0.34,0.32,0.81,0.34,0.4,0.08
0,0,253,0.48,0.51,0.86,0.55,0.48,0.15
0,0,256,0.45,0.54,0.84,0.5,0.44,0.07
0,0,26,0.48,0.62,0.82,0.52,0.46,0.1
0,0,261,0.71,0.71,0.85,0.65,0.6,0.11
0,0,263,0.54,0.68,0.86,0.65,0.57,0.11
0,0,267,0.71,0.8,0.87,0.67,0.61,0.16
0,0,268,0.57,0.84,0.89,0.71,0.78,0.12
0,0,27,0.67,0.73,0.9,0.63,0.72,0.18
0,0,270,0.54,0.49,0.86,0.57,0.5,0.11
0,0,271,0.62,0.72,0.86,0.71,0.54,0.08
0,0,272,0.52,0.77,0.88,0.7,0.7,0.18
0,0,273,0.44,0.66,0.85,0.61,0.7,0.15
0,0,274,0.35,0.43,0.83,0.38,0.5,0.09
0,0,275,0.33,0.49,0.84,0.32,0.46,0.08
0,0,276,0.4,0.31,0.81,0.42,0.42,0.08
0,0,277,0.89,0.93,0.99,0.93,0.97,0.45
0,0,278,0.5,0.63,0.83,0.6,0.45,0.07
0,0,279,0.56,0.3,0.81,0.49,0.25,0.08
0,0,28,0.75,0.67,0.93,0.74,0.82,0.24
0,0,285,0.8,0.93,0.95,0.84,0.84,0.25
0,0,287,0.72,0.84,0.91,0.8,0.76,0.17
0,0,29,0.67,0.7,0.9,0.61,0.58,0.17
0,0,290,0.87,0.89,0.94,0.91,0.82,0.44
0,0,291,0.64,0.63,0.88,0.72,0.57,0.09
0,0,292,0.55,0.76,0.89,0.61,0.66,0.16
0,0,293,0.71,0.7,0.9,0.73,0.72,0.18
0,0,294,0.52,0.56,0.83,0.5,0.61,0.09
0,0,295,0.68,0.77,0.88,0.69,0.75,0.1
0,0,296,0.56,0.78,0.89,0.71,0.74,0.1
0,0,297,0.47,0.18,0.8,0.3,0.49,0.11
0,0,298,0.69,0.76,0.9,0.66,0.8,0.19
0,0,299,0.54,0.72,0.89,0.64,0.71,0.15
0,0,3,0.64,0.8,0.91,0.73,0.69,0.14
0,0,30,0.41,0.39,0.82,0.48,0.52,0.07
0,0,300,0.57,0.69,0.88,0.59,0.69,0.12
0,0,301,0.51,0.5,0.85,0.48,0.52,0.08
0,0,302,0.27,0.16,0.73,0.14,0.34,0.07
0,0,303,0.48,0.55,0.83,0.5,0.62,0.08
0,0,304,0.61,0.76,0.89,0.66,0.74,0.15
0,0,305,0.81,0.85,0.9,0.81,0.79,0.2
0,0,306,0.76,0.9,0.92,0.81,0.84,0.16
0,0,307,0.73,0.65,0.88,0.73,0.79,0.05
0,0,308,0.64,0.64,0.87,0.77,0.67,0.08
0,0,309,0.64,0.69,0.89,0.69,0.72,0.12
0,0,31,0.56,0.76,0.88,0.57,0.67,0.07
0,0,310,0.58,0.57,0.9,0.54,0.74,0.15
0,0,312,0.69,0.75,0.92,0.74,0.81,0.22
0,0,313,0.7,0.91,0.93,0.84,0.86,0.2
0,0,317,0.82,0.83,0.93,0.87,0.75,0.21
0,0,318,0.78,0.92,0.95,0.83,0.91,0.49
0,0,319,0.73,0.88,0.95,0.78,0.91,0.33
0,0,32,0.57,0.77,0.86,0.7,0.57,0.11
0,0,320,0.83,0.86,0.93,0.86,0.87,0.24
0,0,321,0.7,0.83,0.91,0.86,0.63,0.19
0,0,322,0.54,0.66,0.88,0.68,0.52,0.19
0,0,323,0.62,0.59,0.86,0.63,0.62,0.19
0,0,324,0.72,0.69,0.89,0.76,0.56,0.19
0,0,325,0.79,0.86,0.93,0.79,0.83,0.17
0,0,326,0.62,0.88,0.9,0.84,0.75,0.14
0,0,327,0.74,0.89,0.93,0.87,0.76,0.22
0,0,328,0.82,0.8,0.94,0.82,0.81,0.27
0,0,329,0.55,0.4,0.84,0.53,0.47,0.1
0,0,33,0.57,0.73,0.87,0.64,0.64,0.16
0,0,330,0.47,0.37,0.82,0.44,0.5,0.09
0,0,331,0.62,0.75,0.85,0.64,0.7,0.13
0,0,332,0.58,0.6,0.89,0.55,0.7,0.13
0,0,34,0.52,0.69,0.85,0.59,0.68,0.15
0,0,35,0.54,0.46,0.87,0.59,0.58,0.12
0,0,36,0.5,0.46,0.85,0.45,0.59,0.11
0,0,37,0.51,0.38,0.86,0.55,0.6,0.06
0,0,38,0.28,0.28,0.82,0.35,0.47,0.12
0,0,383,0.43,0.43,0.83,0.42,0.44,0.08
0,0,384,0.45,0.52,0.83,0.55,0.51,0.1
0,0,385,0.41,0.42,0.82,0.43,0.42,0.08
0,0,386,0.55,0.5,0.84,0.64,0.42,0.14
0,0,387,0.42,0.38,0.82,0.37,0.38,0.08
0,0,388,0.45,0.61,0.83,0.55,0.43,0.09
0,0,389,0.48,0.44,0.83,0.46,0.46,0.1
0,0,39,0.74,0.85,0.9,0.73,0.74,0.15
0,0,390,0.51,0.45,0.85,0.48,0.65,0.09
0,0,391,0.65,0.78,0.93,0.73,0.73,0.16
0,0,392,0.57,0.77,0.88,0.66,0.71,0.09
0,0,393,0.53,0.71,0.88,0.61,0.65,0.09
0,0,394,0.56,0.79,0.86,0.72,0.66,0.11
0,0,395,0.74,0.85,0.94,0.83,0.78,0.14
0,0,397,0.83,0.91,0.93,0.83,0.76,0.18
0,0,398,0.79,0.82,0.92,0.72,0.72,0.14
0,0,399,0.76,0.81,0.91,0.81,0.68,0.13
0,0,4,0.87,0.89,0.95,0.85,0.81,0.32
0,0,40,0.52,0.43,0.86,0.52,0.51,0.11
0,0,400,0.58,0.73,0.87,0.65,0.5,0.08
0,0,401,0.55,0.59,0.84,0.55,0.63,0.09
0,0,402,0.61,0.81,0.9,0.77,0.71,0.15
0,0,406,0.37,0.41,0.81,0.38,0.31,0.1
0,0,407,0.55,0.7,0.88,0.63,0.49,0.12
0,0,41,0.74,0.74,0.91,0.76,0.74,0.11
0,0,410,0.47,0.59,0.85,0.61,0.55,0.06
0,0,412,0.37,0.42,0.85,0.45,0.43,0.11
0,0,413,0.7,0.68,0.9,0.82,0.56,0.12
0,0,414,0.38,0.38,0.83,0.33,0.42,0.1
0,0,415,0.61,0.59,0.88,0.65,0.51,0.12
0,0,416,0.62,0.72,0.9,0.71,0.63,0.14
0,0,417,0.54,0.63,0.86,0.59,0.52,0.09
0,0,418,0.52,0.57,0.86,0.63,0.6,0.12
0,0,42,0.61,0.69,0.9,0.66,0.62,0.11
0,0,420,0.57,0.81,0.9,0.72,0.6,0.1
0,0,421,0.54,0.63,0.88,0.68,0.56,0.08
0,0,422,0.4,0.63,0.84,0.61,0.49,0.08
0,0,423,0.32,0.56,0.85,0.55,0.47,0.08
0,0,424,0.47,0.43,0.85,0.42,0.5,0.08
0,0,425,0.8,0.77,0.95,0.77,0.71,0.21
0,0,426,0.37,0.43,0.82,0.44,0.33,0.13
0,0,427,0.49,0.46,0.84,0.49,0.44,0.12
0,0,428,0.72,0.82,0.91,0.79,0.74,0.18
0,0,429,0.55,0.76,0.87,0.66,0.56,0.11
0,0,43,0.49,0.57,0.84,0.57,0.64,0.09
0,0,433,0.47,0.57,0.86,0.55,0.5,0.08
0,0,434,0.08,0.14,0,0.06,0.12,0.0
0,0,435,0.08,0.14,0,0.06,0.12,0.0
0,0,438,0.68,0.73,0.89,0.65,0.48,0.18
0,0,439,0.42,0.5,0.83,0.47,0.58,0.08
0,0,44,0.44,0.41,0.84,0.44,0.59,0.09
0,0,440,0.6,0.7,0.86,0.63,0.51,0.1
0,0,441,0.5,0.48,0.86,0.61,0.7,0.13
0,0,442,0.57,0.69,0.87,0.7,0.68,0.08
0,0,443,0.58,0.74,0.86,0.64,0.61,0.09
0,0,444,0.59,0.72,0.86,0.67,0.49,0.12
0,0,445,0.64,0.77,0.9,0.78,0.65,0.15
0,0,446,0.65,0.79,0.89,0.72,0.69,0.16
0,0,447,0.43,0.36,0.81,0.3,0.32,0.05
0,0,448,0.59,0.62,0.87,0.57,0.58,0.11
0,0,45,0.67,0.67,0.9,0.69,0.63,0.15
0,0,452,0.57,0.64,0.88,0.64,0.68,0.12
0,0,456,0.48,0.53,0.85,0.5,0.51,0.11
0,0,458,0.6,0.76,0.9,0.73,0.58,0.1
0,0,459,0.45,0.6,0.86,0.44,0.58,0.11
0,0,46,0.46,0.7,0.84,0.64,0.49,0.13
0,0,460,0.66,0.8,0.85,0.7,0.55,0.09
0,0,456,0.48,0.53,0.85,0.5,0.51,0.11
0,0,457,0.68,0.83,0.89,0.82,0.72,0.21
0,0,458,0.6,0.76,0.9,0.73,0.58,0.1
0,0,459,0.45,0.6,0.86,0.44,0.58,0.11
0,0,46,0.46,0.7,0.84,0.64,0.49,0.13
0,0,460,0.66,0.8,0.85,0.7,0.55,0.09
0,0,461,0.43,0.52,0.8,0.35,0.51,0.07
0,0,462,0.5,0.71,0.88,0.63,0.73,0.1
0,0,463,0.84,0.95,0.97,0.9,0.92,0.51
0,0,464,0.8,0.96,0.94,0.85,0.89,0.25
0,0,465,0.1,0.13,0.75,0.13,0.28,0.07
0,0,466,0.43,0.55,0.85,0.39,0.67,0.09
0,0,467,0.55,0.63,0.88,0.67,0.57,0.12
0,0,468,0.68,0.82,0.92,0.76,0.78,0.14
0,0,469,0.46,0.55,0.83,0.42,0.6,0.1
0,0,47,0.49,0.6,0.86,0.49,0.58,0.12
0,0,470,0.51,0.4,0.84,0.5,0.53,0.06
0,0,471,0.53,0.49,0.84,0.58,0.48,0.11
0,0,472,0.51,0.41,0.85,0.4,0.57,0.12
0,0,473,0.46,0.8,0.89,0.57,0.81,0.22
0,0,474,0.47,0.83,0.88,0.58,0.69,0.16
0,0,475,0.62,0.8,0.85,0.65,0.65,0.13
0,0,476,0.36,0.26,0.82,0.41,0.51,0.09
0,0,477,0.69,0.79,0.88,0.64,0.59,0.12
0,0,478,0.46,0.22,0.77,0.48,0.47,0.07
0,0,479,0.72,0.7,0.9,0.59,0.65,0.18
0,0,48,0.57,0.63,0.86,0.56,0.66,0.15
0,0,480,0.71,0.79,0.89,0.68,0.62,0.18
0,0,481,0.26,0.47,0.82,0.34,0.54,0.1
0,0,482,0.56,0.59,0.88,0.59,0.61,0.1
0,0,485,0.2,0.3,0.81,0.23,0.48,0.05
0,0,486,0.71,0.9,0.92,0.83,0.78,0.13
0,0,487,0.74,0.85,0.91,0.79,0.79,0.1
0,0,488,0.55,0.63,0.84,0.57,0.64,0.13
0,0,489,0.55,0.81,0.87,0.68,0.63,0.1
0,0,49,0.44,0.61,0.83,0.3,0.7,0.1
0,0,490,0.34,0.49,0.81,0.36,0.44,0.07
0,0,491,0.64,0.78,0.88,0.72,0.76,0.16
0,0,492,0.69,0.81,0.89,0.78,0.71,0.19
0,0,493,0.59,0.69,0.84,0.67,0.66,0.13
0,0,494,0.6,0.74,0.88,0.6,0.66,0.11
0,0,495,0.62,0.87,0.9,0.76,0.69,0.1
0,0,496,0.25,0.3,0.8,0.33,0.44,0.03
0,0,497,0.52,0.53,0.88,0.71,0.74,0.12
0,0,498,0.79,0.78,0.9,0.72,0.76,0.22
0,0,499,0.58,0.4,0.85,0.58,0.52,0.1
0,0,5,0.58,0.3,0.83,0.48,0.42,0.17
0,0,50,0.6,0.81,0.87,0.64,0.76,0.08
0,0,500,0.47,0.44,0.82,0.46,0.37,0.07
0,0,501,0.37,0.14,0.77,0.25,0.45,0.08
0,0,502,0.51,0.38,0.82,0.42,0.63,0.06
0,0,503,0.76,0.84,0.93,0.87,0.73,0.17
0,0,504,0.47,0.32,0.83,0.44,0.52,0.04
0,0,505,0.57,0.64,0.87,0.53,0.55,0.12
0,0,506,0.57,0.63,0.88,0.64,0.57,0.11
0,0,507,0.45,0.62,0.86,0.54,0.59,0.1
0,0,508,0.64,0.7,0.88,0.71,0.65,0.08
0,0,509,0.74,0.73,0.92,0.77,0.79,0.15
0,0,51,0.73,0.56,0.88,0.72,0.55,0.12
0,0,510,0.72,0.52,0.89,0.71,0.62,0.09
0,0,511,0.54,0.44,0.87,0.66,0.62,0.09
0,0,516,0.6,0.65,0.87,0.63,0.44,0.11
0,0,517,0.65,0.36,0.87,0.57,0.66,0.1
0,0,518,0.54,0.57,0.84,0.61,0.49,0.11
0,0,519,0.61,0.55,0.86,0.56,0.56,0.1
0,0,52,0.57,0.64,0.87,0.66,0.62,0.16
0,0,520,0.88,0.86,0.95,0.82,0.86,0.26
0,0,521,0.58,0.6,0.87,0.67,0.6,0.04
0,0,522,0.6,0.69,0.86,0.62,0.49,0.1
0,0,523,0.6,0.75,0.89,0.78,0.66,0.21
0,0,524,0.62,0.63,0.89,0.69,0.71,0.14
0,0,528,0.68,0.82,0.89,0.75,0.72,0.13
0,0,529,0.6,0.77,0.89,0.6,0.8,0.21
0,0,53,0.49,0.74,0.83,0.61,0.54,0.09
0,0,530,0.63,0.8,0.89,0.68,0.56,0.09
0,0,531,0.57,0.5,0.84,0.52,0.54,0.09
0,0,532,0.68,0.71,0.88,0.67,0.48,0.1
0,0,533,0.52,0.48,0.85,0.65,0.62,0.08
0,0,534,0.47,0.51,0.82,0.53,0.45,0.09
0,0,535,0.63,0.75,0.89,0.6,0.56,0.12
0,0,536,0.41,0.3,0.84,0.41,0.56,0.09
0,0,537,0.53,0.47,0.84,0.51,0.47,0.11
0,0,538,0.73,0.78,0.89,0.82,0.74,0.15
0,0,539,0.45,0.38,0.85,0.42,0.56,0.09
0,0,54,0.49,0.4,0.85,0.52,0.49,0.1
0,0,540,0.5,0.62,0.85,0.6,0.53,0.13
0,0,541,0.5,0.45,0.85,0.61,0.55,0.08
0,0,542,0.87,0.92,0.95,0.88,0.77,0.32
0,0,543,0.53,0.48,0.83,0.5,0.57,0.03
0,0,544,0.57,0.6,0.85,0.57,0.44,0.08
0,0,545,0.26,0.15,0.83,0.31,0.51,0.08
0,0,546,0.65,0.76,0.85,0.65,0.51,0.14
0,0,547,0.36,0.32,0.8,0.46,0.34,0.04
0,0,548,0.6,0.64,0.89,0.64,0.67,0.17
0,0,549,0.52,0.61,0.86,0.55,0.7,0.1
0,0,55,0.52,0.77,0.88,0.68,0.65,0.07
0,0,550,0.4,0.46,0.83,0.54,0.33,0.08
0,0,551,0.33,0.36,0.8,0.4,0.31,0.08
0,0,552,0.64,0.52,0.88,0.56,0.66,0.17
0,0,554,0.45,0.57,0.83,0.5,0.63,0.07
0,0,555,0.47,0.44,0.86,0.56,0.67,0.12
0,0,556,0.24,0.17,0.77,0.28,0.29,0.07
0,0,558,0.59,0.57,0.82,0.5,0.6,0.11
0,0,559,0.74,0.77,0.89,0.69,0.67,0.15
0,0,560,0.58,0.79,0.84,0.57,0.66,0.08
0,0,561,0.65,0.78,0.85,0.67,0.68,0.06
0,0,562,0.41,0.51,0.82,0.45,0.39,0.06
0,0,563,0.55,0.63,0.86,0.59,0.54,0.13
0,0,564,0.69,0.72,0.9,0.7,0.8,0.14
0,0,565,0.67,0.83,0.9,0.76,0.77,0.09
0,0,568,0.46,0.36,0.83,0.43,0.48,0.08
0,0,569,0.7,0.69,0.9,0.62,0.7,0.16
0,0,57,0.58,0.69,0.86,0.58,0.61,0.09
0,0,571,0.65,0.83,0.86,0.67,0.69,0.07
0,0,572,0.73,0.68,0.87,0.6,0.67,0.12
0,0,573,0.75,0.89,0.94,0.84,0.8,0.32
0,0,574,0.61,0.65,0.9,0.65,0.69,0.14
0,0,575,0.52,0.48,0.86,0.54,0.44,0.1
0,0,576,0.41,0.16,0.82,0.31,0.39,0.09
0,0,577,0.4,0.27,0.82,0.38,0.42,0.12
0,0,578,0.58,0.72,0.87,0.59,0.78,0.12
0,0,579,0.65,0.6,0.87,0.64,0.47,0.11
0,0,58,0.48,0.46,0.82,0.57,0.53,0.08
0,0,580,0.53,0.58,0.86,0.61,0.63,0.09
0,0,581,0.63,0.66,0.87,0.62,0.65,0.12
0,0,582,0.46,0.59,0.82,0.45,0.56,0.09
0,0,583,0.55,0.65,0.86,0.62,0.59,0.07
0,0,584,0.65,0.8,0.87,0.7,0.68,0.08
0,0,585,0.36,0.35,0.82,0.39,0.49,0.08
0,0,586,0.55,0.7,0.88,0.65,0.51,0.11
0,0,587,0.55,0.58,0.87,0.56,0.56,0.08
0,0,588,0.51,0.52,0.82,0.49,0.52,0.07
0,0,589,0.52,0.73,0.86,0.61,0.62,0.09
0,0,59,0.64,0.71,0.85,0.58,0.76,0.08
0,0,590,0.61,0.83,0.9,0.58,0.8,0.15
0,0,591,0.53,0.73,0.86,0.65,0.56,0.1
0,0,592,0.48,0.55,0.89,0.48,0.61,0.07
0,0,593,0.63,0.74,0.89,0.59,0.68,0.1
0,0,594,0.35,0.41,0.83,0.28,0.43,0.07
0,0,595,0.48,0.69,0.87,0.49,0.5,0.09
0,0,596,0.51,0.65,0.87,0.58,0.66,0.07
0,0,597,0.66,0.81,0.91,0.73,0.77,0.12
0,0,598,0.48,0.66,0.83,0.6,0.57,0.12
0,0,599,0.57,0.71,0.86,0.65,0.5,0.13
0,0,6,0.41,0.33,0.8,0.5,0.43,0.05
0,0,60,0.43,0.44,0.83,0.49,0.59,0.08
0,0,600,0.71,0.85,0.89,0.71,0.64,0.07
0,0,601,0.68,0.78,0.88,0.68,0.65,0.11
0,0,603,0.38,0.31,0.79,0.41,0.53,0.05
0,0,604,0.49,0.59,0.84,0.42,0.57,0.09
0,0,605,0.27,0.2,0.8,0.24,0.45,0.08
0,0,606,0.54,0.76,0.83,0.43,0.66,0.05
0,0,607,0.37,0.33,0.83,0.37,0.56,0.05
0,0,608,0.96,0.94,0.97,0.89,0.9,0.62
0,0,609,0.7,0.78,0.92,0.72,0.8,0.15
0,0,61,0.67,0.75,0.91,0.65,0.67,0.13
0,0,610,0.64,0.7,0.88,0.63,0.69,0.07
0,0,611,0.67,0.77,0.9,0.7,0.68,0.07
0,0,612,0.37,0.15,0.81,0.21,0.46,0.12
0,0,613,0.51,0.52,0.84,0.51,0.67,0.14
0,0,614,0.84,0.9,0.95,0.84,0.92,0.2
0,0,615,0.6,0.44,0.83,0.46,0.46,0.12
0,0,616,0.34,0.41,0.82,0.37,0.47,0.09
0,0,617,0.62,0.67,0.87,0.55,0.55,0.09
0,0,618,0.41,0.34,0.82,0.37,0.48,0.1
0,0,619,0.27,0.15,0.8,0.27,0.5,0.05
0,0,62,0.61,0.42,0.86,0.59,0.68,0.11
0,0,620,0.47,0.73,0.81,0.46,0.73,0.08
0,0,621,0.35,0.45,0.84,0.38,0.6,0.07
0,0,622,0.67,0.54,0.89,0.68,0.7,0.24
0,0,623,0.7,0.73,0.94,0.77,0.78,0.17
0,0,624,0.59,0.5,0.87,0.46,0.59,0.11
0,0,625,0.61,0.41,0.87,0.55,0.55,0.14
0,0,626,0.64,0.83,0.86,0.69,0.75,0.06
0,0,627,0.71,0.86,0.9,0.72,0.62,0.1
0,0,628,0.64,0.74,0.87,0.7,0.59,0.05
0,0,63,0.68,0.66,0.87,0.64,0.63,0.11
0,0,630,0.7,0.83,0.9,0.74,0.61,0.08
0,0,631,0.63,0.81,0.9,0.74,0.62,0.07
0,0,632,0.52,0.61,0.87,0.59,0.59,0.08
0,0,633,0.48,0.52,0.83,0.51,0.42,0.11
0,0,634,0.7,0.6,0.89,0.68,0.71,0.15
0,0,635,0.46,0.45,0.84,0.41,0.34,0.09
0,0,636,0.43,0.43,0.85,0.44,0.4,0.12
0,0,637,0.77,0.83,0.9,0.68,0.68,0.21
0,0,638,0.54,0.52,0.85,0.56,0.63,0.09
0,0,639,0.52,0.5,0.89,0.54,0.69,0.14
0,0,64,0.8,0.89,0.9,0.75,0.7,0.17
0,0,640,0.59,0.64,0.88,0.65,0.64,0.12
0,0,641,0.72,0.74,0.91,0.77,0.51,0.18
0,0,642,0.59,0.64,0.88,0.62,0.61,0.12
0,0,643,0.43,0.09,0.83,0.38,0.44,0.09
0,0,644,0.56,0.49,0.81,0.53,0.53,0.07
0,0,645,0.71,0.85,0.92,0.8,0.7,0.17
0,0,646,0.57,0.6,0.89,0.64,0.71,0.12
0,0,647,0.72,0.79,0.91,0.74,0.67,0.17
0,0,648,0.58,0.66,0.87,0.61,0.46,0.09
0,0,649,0.45,0.49,0.84,0.58,0.35,0.1
0,0,65,0.59,0.7,0.89,0.69,0.72,0.15
0,0,650,0.66,0.68,0.87,0.69,0.65,0.12
0,0,651,0.57,0.69,0.89,0.6,0.71,0.15
0,0,652,0.66,0.89,0.91,0.77,0.85,0.11
0,0,653,0.63,0.76,0.9,0.56,0.74,0.17
0,0,654,0.63,0.72,0.9,0.71,0.69,0.11
0,0,655,0.6,0.69,0.86,0.63,0.48,0.15
0,0,656,0.63,0.82,0.89,0.72,0.63,0.1
0,0,657,0.71,0.84,0.91,0.83,0.7,0.16
0,0,66,0.7,0.73,0.86,0.71,0.53,0.11
0,0,660,0.79,0.79,0.93,0.81,0.73,0.19
0,0,661,0.79,0.7,0.9,0.74,0.61,0.14
0,0,662,0.56,0.71,0.87,0.58,0.79,0.13
0,0,663,0.49,0.51,0.84,0.54,0.49,0.17
0,0,664,0.61,0.78,0.89,0.71,0.57,0.16
0,0,665,0.82,0.87,0.9,0.86,0.71,0.12
0,0,666,0.8,0.72,0.88,0.76,0.7,0.08
0,0,667,0.77,0.79,0.9,0.75,0.73,0.16
0,0,668,0.57,0.37,0.87,0.5,0.58,0.1
0,0,669,0.59,0.6,0.85,0.55,0.6,0.09
0,0,67,0.81,0.83,0.93,0.78,0.77,0.15
0,0,670,0.72,0.82,0.9,0.69,0.72,0.13
0,0,671,0.71,0.81,0.91,0.73,0.62,0.14
0,0,672,0.42,0.35,0.79,0.38,0.33,0.07
0,0,673,0.57,0.61,0.86,0.48,0.52,0.11
0,0,674,0.63,0.73,0.9,0.67,0.57,0.12
0,0,675,0.57,0.73,0.9,0.66,0.67,0.17
0,0,676,0.72,0.81,0.89,0.78,0.76,0.16
0,0,677,0.69,0.82,0.91,0.77,0.75,0.13
0,0,678,0.41,0.39,0.86,0.49,0.34,0.11
0,0,679,0.53,0.66,0.85,0.68,0.61,0.12
0,0,68,0.55,0.51,0.85,0.57,0.56,0.12
0,0,680,0.68,0.84,0.86,0.7,0.71,0.19
0,0,681,0.8,0.86,0.9,0.85,0.81,0.16
0,0,682,0.76,0.78,0.92,0.72,0.7,0.16
0,0,69,0.51,0.52,0.81,0.45,0.6,0.07
0,0,690,0.54,0.67,0.83,0.61,0.63,0.08
0,0,691,0.69,0.79,0.88,0.77,0.73,0.11
0,0,692,0.74,0.84,0.91,0.8,0.7,0.14
0,0,693,0.62,0.64,0.85,0.56,0.53,0.06
0,0,694,0.51,0.43,0.88,0.59,0.61,0.09
0,0,695,0.63,0.63,0.85,0.61,0.52,0.08
0,0,696,0.58,0.48,0.85,0.49,0.52,0.1
0,0,697,0.79,0.9,0.91,0.81,0.87,0.31
0,0,698,0.59,0.63,0.83,0.63,0.47,0.06
0,0,699,0.35,0.36,0.86,0.31,0.62,0.09
0,0,7,0.71,0.76,0.89,0.74,0.81,0.12
0,0,70,0.74,0.82,0.91,0.71,0.68,0.17
0,0,700,0.55,0.5,0.87,0.57,0.61,0.1
0,0,701,0.54,0.46,0.84,0.52,0.53,0.08
0,0,702,0.72,0.88,0.9,0.85,0.73,0.18
0,0,71,0.54,0.68,0.88,0.52,0.6,0.09
0,0,72,0.73,0.88,0.88,0.68,0.69,0.06
0,0,73,0.57,0.67,0.87,0.61,0.52,0.13
0,0,74,0.49,0.51,0.87,0.58,0.47,0.13
0,0,75,0.6,0.61,0.87,0.59,0.65,0.11
0,0,76,0.59,0.54,0.87,0.61,0.68,0.14
0,0,77,0.61,0.6,0.85,0.58,0.55,0.15
0,0,78,0.73,0.84,0.88,0.69,0.69,0.13
0,0,79,0.82,0.87,0.93,0.78,0.78,0.16
0,0,8,0.69,0.72,0.91,0.61,0.73,0.16
0,0,80,0.73,0.83,0.88,0.73,0.69,0.15
0,0,81,0.78,0.86,0.91,0.8,0.65,0.14
0,0,83,0.77,0.79,0.92,0.81,0.73,0.17
0,0,84,0.65,0.61,0.91,0.63,0.69,0.11
0,0,85,0.48,0.59,0.87,0.46,0.7,0.15
0,0,86,0.64,0.64,0.89,0.57,0.71,0.1
0,0,87,0.62,0.78,0.87,0.74,0.73,0.08
0,0,88,0.47,0.33,0.86,0.47,0.56,0.12
0,0,89,0.68,0.58,0.87,0.66,0.65,0.09
0,0,9,0.63,0.43,0.87,0.64,0.53,0.08
0,0,90,0.76,0.84,0.93,0.81,0.81,0.15
0,0,92,0.68,0.81,0.89,0.73,0.69,0.11
0,0,93,0.55,0.74,0.86,0.65,0.56,0.11
0,0,94,0.45,0.44,0.82,0.4,0.44,0.08
0,0,95,0.67,0.7,0.92,0.75,0.73,0.17
0,0,96,0.57,0.63,0.89,0.62,0.63,0.16
0,0,97,0.58,0.63,0.84,0.47,0.58,0.07
0,0,98,0.2,0.33,0.8,0.34,0.33,0.09
0,1,1,0.9,0.92,0.97,0.94,0.91,0.42
0,1,10,0.67,0.65,0.86,0.74,0.55,0.1
0,1,100,0.74,0.76,0.89,0.64,0.82,0.17
0,1,101,0.85,0.84,0.98,0.91,0.94,0.38
0,1,102,0.66,0.72,0.87,0.76,0.74,0.14
0,1,103,0.41,0.33,0.83,0.47,0.44,0.04
0,1,104,0.61,0.74,0.86,0.73,0.61,0.12
0,1,105,0.95,0.91,0.97,0.94,0.97,0.51
0,1,107,0.71,0.71,0.93,0.79,0.77,0.14
0,1,108,0.52,0.55,0.84,0.56,0.69,0.12
0,1,109,0.84,0.77,0.97,0.75,0.87,0.28
0,1,11,0.65,0.71,0.87,0.64,0.56,0.1
0,1,110,0.62,0.64,0.89,0.65,0.56,0.2
0,1,111,0.58,0.66,0.86,0.63,0.48,0.13
0,1,112,0.53,0.75,0.91,0.6,0.75,0.13
0,1,113,0.9,0.93,0.96,0.88,0.93,0.3
0,1,114,0.9,0.93,0.98,0.88,0.96,0.47
0,1,115,0.41,0.48,0.83,0.39,0.55,0.1
0,1,116,0.48,0.52,0.88,0.54,0.78,0.12
0,1,117,0.82,0.94,0.98,0.85,0.98,0.39
0,1,12,0.52,0.5,0.86,0.56,0.67,0.09
0,1,120,0.66,0.84,0.93,0.68,0.84,0.16
0,1,121,0.84,0.8,0.95,0.88,0.84,0.21
0,1,122,0.76,0.86,0.89,0.84,0.78,0.2
0,1,123,0.57,0.66,0.87,0.63,0.6,0.14
0,1,124,0.98,0.98,0.99,0.99,0.94,0.69
0,1,125,0.61,0.73,0.9,0.76,0.71,0.18
0,1,126,0.75,0.84,0.87,0.75,0.57,0.15
0,1,127,0.6,0.69,0.87,0.65,0.32,0.1
0,1,128,0.7,0.87,0.91,0.82,0.53,0.18
0,1,129,0.63,0.65,0.84,0.65,0.63,0.15
0,1,13,0.49,0.49,0.87,0.51,0.52,0.16
0,1,130,0.67,0.78,0.88,0.65,0.68,0.13
0,1,131,0.58,0.26,0.87,0.5,0.59,0.14
0,1,132,0.46,0.37,0.79,0.42,0.31,0.09
0,1,133,0.48,0.55,0.85,0.57,0.5,0.12
0,1,134,0.48,0.6,0.81,0.45,0.62,0.04
0,1,135,0.55,0.7,0.85,0.72,0.54,0.13
0,1,136,0.67,0.75,0.91,0.7,0.72,0.2
0,1,137,0.7,0.77,0.88,0.66,0.74,0.14
0,1,138,0.63,0.74,0.87,0.72,0.38,0.12
0,1,139,0.82,0.87,0.93,0.81,0.73,0.22
0,1,14,0.35,0.52,0.84,0.55,0.61,0.1
0,1,140,0.7,0.6,0.91,0.7,0.65,0.17
0,1,141,0.93,0.96,0.97,0.9,0.93,0.34
0,1,142,0.91,0.92,0.97,0.87,0.93,0.42
0,1,143,0.54,0.74,0.87,0.63,0.6,0.12
0,1,144,0.91,0.9,0.98,0.91,0.98,0.36
0,1,145,0.62,0.85,0.94,0.66,0.89,0.27
0,1,146,0.94,0.94,0.97,0.91,0.95,0.56
0,1,147,0.47,0.58,0.85,0.53,0.66,0.15
0,1,148,0.83,0.91,0.96,0.88,0.83,0.27
0,1,149,0.9,0.93,0.97,0.93,0.88,0.56
0,1,15,0.65,0.52,0.89,0.62,0.7,0.14
0,1,150,0.58,0.57,0.9,0.63,0.65,0.18
0,1,151,0.73,0.87,0.94,0.78,0.9,0.1
0,1,153,0.94,0.98,0.98,0.97,0.96,0.43
0,1,154,0.58,0.7,0.84,0.6,0.41,0.06
0,1,155,0.88,0.89,0.96,0.93,0.89,0.33
0,1,157,0.43,0.29,0.81,0.32,0.51,0.08
0,1,158,0.87,0.9,0.95,0.88,0.89,0.41
0,1,159,0.93,0.96,0.99,0.94,0.97,0.55
0,1,16,0.86,0.93,0.97,0.79,0.93,0.42
0,1,160,0.9,0.84,0.95,0.89,0.93,0.27
0,1,161,0.55,0.58,0.85,0.53,0.62,0.08
0,1,162,0.62,0.73,0.88,0.69,0.59,0.15
0,1,163,0.83,0.93,0.97,0.86,0.89,0.48
0,1,164,0.76,0.87,0.93,0.79,0.76,0.12
0,1,165,0.6,0.66,0.84,0.67,0.44,0.16
0,1,166,0.82,0.85,0.95,0.85,0.85,0.29
0,1,167,0.79,0.74,0.92,0.83,0.79,0.2
0,1,168,0.73,0.65,0.89,0.72,0.63,0.19
0,1,169,0.7,0.73,0.94,0.76,0.73,0.25
0,1,17,0.52,0.4,0.83,0.53,0.56,0.1
0,1,170,0.56,0.63,0.88,0.69,0.74,0.14
0,1,173,0.45,0.49,0.85,0.57,0.52,0.13
0,1,174,0.85,0.92,0.93,0.92,0.67,0.21
0,1,175,0.98,0.98,0.99,0.98,0.98,0.75
0,1,176,0.86,0.79,0.94,0.89,0.91,0.29
0,1,177,0.83,0.9,0.95,0.91,0.85,0.32
0,1,178,0.67,0.66,0.85,0.75,0.45,0.14
0,1,179,0.73,0.78,0.91,0.82,0.65,0.12
0,1,18,0.67,0.69,0.89,0.59,0.74,0.21
0,1,180,0.69,0.75,0.9,0.62,0.69,0.22
0,1,181,0.74,0.91,0.92,0.87,0.8,0.14
0,1,182,0.57,0.69,0.87,0.65,0.6,0.08
0,1,183,0.84,0.79,0.91,0.82,0.65,0.16
0,1,184,0.45,0.45,0.82,0.46,0.57,0.07
0,1,185,0.57,0.74,0.86,0.61,0.58,0.09
0,1,186,0.77,0.85,0.89,0.68,0.76,0.28
0,1,187,0.63,0.66,0.85,0.66,0.66,0.13
0,1,188,0.94,0.98,0.99,0.94,0.99,0.63
0,1,189,0.77,0.68,0.92,0.77,0.72,0.19
0,1,19,0.57,0.56,0.86,0.61,0.49,0.11
0,1,190,1.0,1.0,1.0,1.0,1.0,0.95
0,1,191,0.64,0.89,0.92,0.82,0.75,0.17
0,1,192,0.95,0.94,0.98,0.96,0.95,0.46
0,1,193,0.61,0.49,0.87,0.57,0.51,0.13
0,1,194,0.5,0.73,0.87,0.58,0.64,0.14
0,1,195,0.97,0.98,0.95,0.98,0.98,0.47
0,1,196,0.67,0.56,0.87,0.49,0.76,0.15
0,1,197,0.58,0.66,0.88,0.7,0.67,0.17
0,1,198,0.82,0.85,0.93,0.76,0.82,0.29
0,1,199,0.77,0.74,0.95,0.73,0.86,0.33
0,1,2,0.83,0.62,0.95,0.77,0.85,0.31
0,1,20,0.61,0.88,0.92,0.74,0.87,0.12
0,1,200,0.75,0.86,0.91,0.73,0.85,0.14
0,1,201,0.69,0.8,0.88,0.75,0.59,0.12
0,1,202,0.44,0.42,0.84,0.47,0.53,0.1
0,1,203,0.67,0.8,0.88,0.69,0.48,0.11
0,1,204,0.97,0.98,0.99,0.99,0.98,0.67
0,1,206,0.94,0.95,0.98,0.94,0.86,0.32
0,1,207,0.41,0.27,0.79,0.33,0.5,0.08
0,1,208,0.55,0.72,0.86,0.72,0.45,0.13
0,1,209,0.51,0.53,0.81,0.52,0.42,0.13
0,1,21,0.73,0.74,0.87,0.59,0.72,0.25
0,1,212,0.91,0.94,0.98,0.94,0.88,0.49
0,1,215,0.91,0.96,0.98,0.94,0.94,0.39
0,1,216,0.82,0.73,0.96,0.8,0.89,0.34
0,1,217,0.91,0.98,0.98,0.92,0.95,0.42
0,1,218,0.67,0.57,0.88,0.7,0.63,0.16
0,1,219,0.96,0.97,0.99,0.97,0.97,0.6
0,1,22,0.8,0.81,0.96,0.75,0.93,0.49
0,1,220,0.67,0.78,0.92,0.75,0.71,0.17
0,1,221,0.58,0.62,0.84,0.58,0.58,0.09
0,1,222,0.64,0.7,0.87,0.63,0.6,0.08
0,1,224,0.93,0.93,0.98,0.94,0.97,0.48
0,1,226,0.54,0.62,0.85,0.52,0.63,0.09
0,1,227,0.85,0.88,0.98,0.92,0.92,0.41
0,1,228,0.69,0.68,0.89,0.77,0.72,0.14
0,1,229,0.68,0.74,0.9,0.72,0.68,0.15
0,1,23,0.46,0.33,0.82,0.36,0.52,0.1
0,1,230,0.92,0.95,0.98,0.94,0.94,0.45
0,1,231,0.79,0.9,0.9,0.79,0.78,0.19
0,1,233,0.53,0.67,0.86,0.44,0.53,0.17
0,1,234,0.79,0.87,0.91,0.73,0.85,0.17
0,1,237,0.87,0.91,0.95,0.86,0.82,0.3
0,1,24,0.33,0.43,0.82,0.27,0.53,0.08
0,1,240,0.81,0.84,0.88,0.77,0.66,0.11
0,1,242,0.88,0.72,0.96,0.82,0.86,0.34
0,1,243,0.63,0.82,0.91,0.77,0.79,0.09
0,1,244,0.61,0.59,0.85,0.64,0.53,0.13
0,1,245,0.69,0.65,0.85,0.53,0.66,0.13
0,1,247,0.83,0.84,0.94,0.85,0.9,0.39
0,1,248,0.8,0.8,0.93,0.88,0.69,0.47
0,1,25,0.69,0.76,0.9,0.74,0.7,0.13
0,1,250,0.91,0.9,0.97,0.89,0.87,0.45
0,1,251,0.44,0.35,0.84,0.37,0.55,0.12
0,1,252,0.47,0.51,0.82,0.57,0.62,0.14
0,1,253,0.67,0.68,0.88,0.63,0.61,0.12
0,1,256,0.9,0.93,0.97,0.94,0.92,0.37
0,1,26,0.41,0.65,0.82,0.54,0.46,0.08
0,1,261,0.61,0.69,0.84,0.61,0.53,0.11
0,1,263,0.6,0.49,0.83,0.58,0.6,0.1
0,1,267,0.8,0.81,0.87,0.67,0.62,0.12
0,1,268,0.53,0.56,0.84,0.54,0.48,0.11
0,1,27,0.9,0.92,0.98,0.93,0.99,0.5
0,1,270,0.74,0.65,0.92,0.74,0.85,0.17
0,1,271,0.74,0.84,0.91,0.76,0.69,0.09
0,1,272,0.95,0.93,0.98,0.93,0.96,0.32
0,1,273,0.9,0.95,0.94,0.94,0.96,0.49
0,1,274,0.6,0.64,0.9,0.6,0.64,0.12
0,1,275,0.86,0.94,0.95,0.89,0.9,0.46
0,1,276,0.92,0.97,0.97,0.96,0.95,0.47
0,1,277,0.93,0.94,0.98,0.95,0.97,0.75
0,1,278,0.88,0.9,0.95,0.94,0.9,0.24
0,1,279,0.79,0.83,0.91,0.81,0.68,0.31
0,1,28,0.64,0.59,0.9,0.63,0.62,0.12
0,1,285,0.74,0.73,0.93,0.72,0.79,0.14
0,1,287,0.92,0.96,0.96,0.89,0.9,0.3
0,1,29,0.58,0.61,0.87,0.6,0.52,0.14
0,1,290,0.87,0.91,0.94,0.91,0.82,0.46
0,1,291,0.81,0.89,0.96,0.8,0.89,0.22
0,1,292,0.79,0.89,0.93,0.81,0.8,0.26
0,1,293,0.95,0.96,0.98,0.96,0.95,0.56
0,1,294,0.9,0.94,0.98,0.92,0.92,0.61
0,1,295,0.46,0.54,0.87,0.56,0.6,0.07
0,1,296,0.55,0.76,0.88,0.71,0.74,0.14
0,1,297,0.42,0.28,0.84,0.37,0.51,0.11
0,1,298,0.64,0.82,0.91,0.69,0.85,0.15
0,1,299,0.6,0.76,0.9,0.69,0.73,0.14
0,1,3,0.71,0.84,0.88,0.74,0.68,0.17
0,1,30,0.77,0.92,0.96,0.85,0.87,0.39
0,1,300,0.6,0.72,0.93,0.6,0.79,0.16
0,1,301,0.77,0.98,0.95,0.9,0.89,0.45
0,1,302,0.92,0.99,0.97,0.94,0.92,0.45
0,1,303,0.97,0.99,0.99,0.96,0.97,0.61
0,1,304,0.97,0.99,0.99,0.97,0.98,0.72
0,1,305,0.92,0.93,0.98,0.9,0.9,0.33
0,1,306,0.87,0.95,0.95,0.91,0.9,0.26
0,1,307,0.74,0.61,0.89,0.72,0.75,0.05
0,1,308,0.71,0.75,0.9,0.78,0.75,0.13
0,1,309,0.68,0.79,0.93,0.73,0.79,0.32
0,1,31,0.57,0.72,0.88,0.58,0.58,0.08
0,1,310,0.81,0.9,0.96,0.83,0.88,0.35
0,1,312,0.82,0.88,0.92,0.8,0.59,0.25
0,1,313,0.95,0.96,0.98,0.95,0.98,0.48
0,1,317,0.6,0.79,0.91,0.79,0.58,0.2
0,1,318,0.76,0.79,0.93,0.68,0.73,0.3
0,1,319,0.7,0.86,0.91,0.77,0.82,0.18
0,1,32,0.64,0.83,0.87,0.76,0.65,0.11
0,1,320,0.83,0.88,0.92,0.82,0.78,0.18
0,1,321,0.81,0.73,0.92,0.72,0.77,0.29
0,1,322,0.87,0.91,0.97,0.9,0.87,0.47
0,1,323,0.85,0.89,0.97,0.88,0.92,0.32
0,1,324,0.8,0.83,0.93,0.83,0.68,0.38
0,1,325,0.82,0.85,0.95,0.83,0.83,0.23
0,1,326,0.72,0.88,0.91,0.9,0.77,0.23
0,1,327,0.81,0.94,0.93,0.89,0.76,0.23
0,1,328,0.81,0.83,0.95,0.88,0.85,0.24
0,1,329,0.43,0.68,0.86,0.66,0.6,0.12
0,1,33,0.92,0.94,0.95,0.93,0.97,0.52
0,1,330,0.56,0.73,0.88,0.67,0.63,0.11
0,1,331,0.79,0.81,0.94,0.78,0.87,0.3
0,1,332,0.95,0.93,0.98,0.9,0.98,0.47
0,1,34,0.93,0.96,0.96,0.94,0.96,0.61
0,1,35,0.46,0.19,0.85,0.39,0.46,0.15
0,1,36,0.52,0.46,0.86,0.53,0.63,0.12
0,1,37,0.51,0.37,0.85,0.57,0.61,0.09
0,1,38,0.32,0.35,0.84,0.43,0.53,0.11
0,1,383,0.87,0.89,0.98,0.86,0.94,0.41
0,1,384,0.9,0.92,0.95,0.92,0.96,0.55
0,1,385,0.91,0.96,0.98,0.96,0.95,0.46
0,1,386,0.41,0.26,0.8,0.43,0.37,0.06
0,1,387,0.51,0.41,0.83,0.56,0.45,0.11
0,1,388,0.49,0.58,0.81,0.6,0.44,0.12
0,1,389,0.5,0.45,0.81,0.5,0.42,0.08
0,1,39,0.75,0.85,0.9,0.73,0.74,0.14
0,1,390,0.83,0.85,0.95,0.83,0.92,0.24
0,1,391,0.86,0.91,0.96,0.87,0.87,0.36
0,1,392,0.92,0.93,0.96,0.93,0.95,0.35
0,1,393,0.86,0.92,0.94,0.88,0.86,0.23
0,1,394,0.79,0.84,0.93,0.81,0.83,0.28
0,1,395,0.71,0.77,0.93,0.78,0.78,0.21
0,1,397,0.85,0.92,0.94,0.91,0.77,0.21
0,1,398,0.89,0.92,0.95,0.79,0.84,0.34
0,1,399,0.89,0.98,0.97,0.95,0.94,0.46
0,1,4,0.85,0.83,0.94,0.79,0.77,0.32
0,1,40,0.55,0.51,0.85,0.53,0.56,0.12
0,1,400,0.92,0.96,0.95,0.91,0.86,0.18
0,1,401,0.65,0.81,0.88,0.64,0.67,0.15
0,1,402,0.75,0.85,0.92,0.78,0.74,0.17
0,1,406,0.59,0.67,0.88,0.72,0.42,0.09
0,1,407,0.72,0.88,0.98,0.83,0.96,0.28
0,1,41,0.96,0.88,0.98,0.9,0.91,0.41
0,1,410,0.52,0.61,0.85,0.62,0.59,0.09
0,1,412,0.5,0.52,0.84,0.49,0.39,0.1
0,1,413,0.83,0.89,0.97,0.94,0.86,0.28
0,1,414,0.55,0.74,0.9,0.66,0.62,0.13
0,1,415,0.63,0.6,0.86,0.6,0.48,0.13
0,1,416,0.51,0.49,0.89,0.56,0.55,0.11
0,1,417,0.41,0.67,0.84,0.6,0.54,0.07
0,1,418,0.51,0.57,0.87,0.66,0.6,0.1
0,1,42,0.71,0.83,0.9,0.82,0.74,0.13
0,1,420,0.56,0.66,0.89,0.63,0.54,0.19
0,1,421,0.9,0.87,0.97,0.87,0.91,0.42
0,1,422,0.45,0.68,0.83,0.63,0.53,0.09
0,1,423,0.29,0.38,0.8,0.36,0.32,0.05
0,1,424,0.48,0.52,0.89,0.5,0.72,0.18
0,1,425,0.54,0.67,0.89,0.69,0.67,0.1
0,1,426,0.7,0.8,0.91,0.72,0.68,0.23
0,1,427,0.61,0.71,0.91,0.7,0.78,0.22
0,1,428,0.6,0.78,0.89,0.68,0.73,0.15
0,1,429,0.5,0.74,0.85,0.65,0.43,0.1
0,1,43,0.65,0.72,0.89,0.65,0.78,0.17
0,1,433,0.94,0.91,0.98,0.95,0.93,0.32
0,1,434,0.07,0.13,0,0.07,0.11,0.0
0,1,435,0.02,0.11,0,0.08,0.09,0.0
0,1,438,0.81,0.87,0.95,0.89,0.81,0.27
0,1,439,0.83,0.92,0.95,0.9,0.94,0.36
0,1,44,0.47,0.48,0.85,0.54,0.46,0.12
0,1,440,0.99,0.97,0.99,0.97,0.97,0.69
0,1,441,0.52,0.61,0.87,0.71,0.73,0.13
0,1,442,0.46,0.5,0.83,0.51,0.47,0.08
0,1,443,0.85,0.92,0.96,0.88,0.92,0.18
0,1,444,0.88,0.94,0.97,0.91,0.9,0.41
0,1,445,0.91,0.94,0.98,0.94,0.98,0.36
0,1,446,0.6,0.79,0.88,0.72,0.71,0.13
0,1,447,0.79,0.89,0.96,0.83,0.89,0.36
0,1,448,0.81,0.83,0.97,0.87,0.86,0.34
0,1,45,0.68,0.57,0.88,0.67,0.65,0.16
0,1,452,0.6,0.64,0.85,0.61,0.68,0.1
0,1,456,0.66,0.77,0.84,0.72,0.67,0.11
0,1,457,0.66,0.81,0.9,0.74,0.79,0.15
0,1,458,0.57,0.66,0.89,0.68,0.74,0.09
0,1,459,0.52,0.79,0.88,0.62,0.6,0.13
0,1,46,0.49,0.56,0.82,0.54,0.44,0.14
0,1,460,0.69,0.83,0.87,0.73,0.66,0.11
0,1,461,0.9,0.95,0.96,0.83,0.94,0.32
0,1,462,0.29,0.63,0.85,0.42,0.64,0.1
0,1,463,0.84,0.96,0.97,0.92,0.93,0.57
0,1,464,0.76,0.85,0.92,0.8,0.86,0.2
0,1,465,0.56,0.71,0.85,0.58,0.52,0.11
0,1,466,0.38,0.66,0.86,0.55,0.77,0.11
0,1,467,0.44,0.58,0.87,0.63,0.5,0.12
0,1,468,0.68,0.67,0.9,0.66,0.63,0.08
0,1,469,0.88,0.91,0.95,0.88,0.84,0.2
0,1,47,0.7,0.74,0.93,0.74,0.8,0.22
0,1,47,0.7,0.74,0.93,0.74,0.8,0.22
0,1,471,0.56,0.54,0.85,0.58,0.33,0.14
0,1,472,0.74,0.77,0.9,0.74,0.71,0.19
0,1,473,0.43,0.62,0.85,0.46,0.63,0.05
0,1,474,0.61,0.84,0.88,0.58,0.76,0.19
0,1,475,0.62,0.85,0.87,0.65,0.8,0.15
0,1,476,0.56,0.77,0.86,0.56,0.5,0.08
0,1,477,0.49,0.74,0.85,0.61,0.57,0.11
0,1,478,0.95,0.92,0.96,0.92,0.89,0.39
0,1,479,0.46,0.28,0.81,0.34,0.53,0.09
0,1,48,0.56,0.54,0.84,0.57,0.5,0.15
0,1,480,0.93,0.94,0.98,0.94,0.92,0.53
0,1,481,0.84,0.9,0.97,0.83,0.88,0.37
0,1,482,0.72,0.79,0.89,0.73,0.66,0.09
0,1,485,0.47,0.77,0.87,0.53,0.59,0.12
0,1,486,0.94,0.98,0.99,0.96,0.98,0.69
0,1,487,0.6,0.8,0.91,0.75,0.76,0.13
0,1,488,0.62,0.73,0.84,0.58,0.6,0.09
0,1,489,0.94,0.99,0.99,0.99,0.99,0.51
0,1,49,0.46,0.65,0.85,0.31,0.71,0.14
0,1,490,0.91,0.93,0.98,0.9,0.93,0.45
0,1,491,0.67,0.87,0.89,0.77,0.73,0.18
0,1,492,0.65,0.81,0.88,0.8,0.74,0.15
0,1,493,0.74,0.9,0.89,0.85,0.78,0.23
0,1,494,0.64,0.87,0.89,0.7,0.75,0.11
0,1,495,0.95,0.98,0.98,0.92,0.97,0.37
0,1,496,0.4,0.69,0.87,0.64,0.62,0.12
0,1,497,0.49,0.73,0.88,0.76,0.77,0.16
0,1,498,0.8,0.82,0.89,0.7,0.71,0.09
0,1,499,0.65,0.49,0.86,0.64,0.65,0.08
0,1,5,0.64,0.33,0.83,0.49,0.47,0.17
0,1,50,0.6,0.8,0.89,0.64,0.76,0.1
0,1,500,0.58,0.68,0.85,0.7,0.49,0.1
0,1,501,0.39,0.36,0.84,0.5,0.55,0.12
0,1,502,0.45,0.33,0.8,0.41,0.48,0.12
0,1,503,0.86,0.88,0.95,0.9,0.74,0.28
0,1,504,0.46,0.4,0.84,0.53,0.57,0.06
0,1,505,0.91,0.88,0.98,0.91,0.96,0.42
0,1,506,0.69,0.74,0.92,0.71,0.7,0.17
0,1,507,0.53,0.74,0.89,0.68,0.56,0.1
0,1,508,0.71,0.77,0.91,0.79,0.74,0.16
0,1,509,0.71,0.74,0.91,0.76,0.68,0.14
0,1,51,0.68,0.64,0.89,0.73,0.62,0.11
0,1,510,0.98,0.97,0.99,0.96,0.94,0.8
0,1,511,0.61,0.59,0.9,0.62,0.64,0.11
0,1,516,0.9,0.92,0.98,0.89,0.94,0.47
0,1,517,0.97,0.98,0.99,0.97,0.98,0.73
0,1,518,0.6,0.57,0.85,0.61,0.55,0.09
0,1,519,0.87,0.94,0.97,0.9,0.91,0.25
0,1,52,0.56,0.77,0.88,0.68,0.64,0.13
0,1,520,0.96,0.96,0.98,0.93,0.97,0.6
0,1,521,0.52,0.44,0.82,0.5,0.54,0.08
0,1,522,0.9,0.94,0.96,0.92,0.9,0.31
0,1,523,0.62,0.79,0.89,0.77,0.71,0.2
0,1,524,0.91,0.85,0.97,0.89,0.9,0.31
0,1,528,0.69,0.69,0.87,0.76,0.67,0.13
0,1,529,0.57,0.74,0.88,0.6,0.84,0.2
0,1,53,0.8,0.89,0.93,0.78,0.81,0.3
0,1,530,0.58,0.69,0.85,0.61,0.44,0.08
0,1,531,0.91,0.88,0.96,0.9,0.91,0.48
0,1,532,0.66,0.73,0.87,0.68,0.48,0.11
0,1,533,0.52,0.5,0.85,0.5,0.55,0.1
0,1,534,0.68,0.82,0.9,0.76,0.65,0.2
0,1,535,0.57,0.76,0.89,0.74,0.47,0.09
0,1,536,0.44,0.34,0.81,0.47,0.47,0.09
0,1,537,0.97,0.92,0.98,0.95,0.97,0.49
0,1,538,0.69,0.83,0.9,0.85,0.77,0.18
0,1,539,0.88,0.76,0.97,0.9,0.96,0.3
0,1,54,0.94,0.91,0.97,0.91,0.93,0.49
0,1,540,0.53,0.59,0.85,0.59,0.59,0.09
0,1,541,0.56,0.63,0.85,0.63,0.58,0.07
0,1,542,0.72,0.75,0.89,0.71,0.68,0.15
0,1,543,0.72,0.66,0.86,0.61,0.62,0.19
0,1,544,0.71,0.86,0.95,0.79,0.82,0.22
0,1,545,0.55,0.47,0.92,0.66,0.79,0.22
0,1,546,0.95,0.97,0.98,0.94,0.95,0.6
0,1,547,0.49,0.49,0.89,0.48,0.68,0.11
0,1,548,0.81,0.83,0.94,0.83,0.83,0.67
0,1,549,0.56,0.6,0.85,0.53,0.64,0.08
0,1,55,0.67,0.89,0.95,0.84,0.86,0.17
0,1,550,0.66,0.82,0.9,0.73,0.61,0.18
0,1,551,0.88,0.84,0.94,0.81,0.87,0.29
0,1,552,0.99,0.98,1.0,0.98,0.97,0.71
0,1,554,0.67,0.68,0.92,0.67,0.84,0.13
0,1,555,0.46,0.35,0.84,0.53,0.64,0.07
0,1,556,0.52,0.68,0.8,0.57,0.52,0.04
0,1,558,0.6,0.67,0.86,0.58,0.61,0.12
0,1,559,0.85,0.92,0.95,0.86,0.91,0.23
0,1,560,0.59,0.77,0.87,0.55,0.7,0.12
0,1,561,0.74,0.88,0.88,0.77,0.7,0.09
0,1,562,0.42,0.49,0.83,0.57,0.49,0.07
0,1,563,0.64,0.61,0.86,0.64,0.67,0.11
0,1,564,0.97,0.95,0.99,0.95,0.99,0.59
0,1,565,0.64,0.77,0.88,0.69,0.72,0.13
0,1,568,0.65,0.78,0.88,0.67,0.62,0.1
0,1,569,0.92,0.84,0.98,0.89,0.95,0.37
0,1,57,0.45,0.47,0.85,0.58,0.64,0.07
0,1,571,0.46,0.65,0.84,0.48,0.65,0.07
0,1,572,0.86,0.91,0.96,0.88,0.84,0.17
0,1,573,0.66,0.82,0.93,0.8,0.71,0.21
0,1,574,0.61,0.66,0.89,0.69,0.69,0.15
0,1,575,0.42,0.46,0.83,0.46,0.45,0.04
0,1,576,0.34,0.23,0.83,0.34,0.44,0.05
0,1,577,0.45,0.15,0.82,0.37,0.46,0.1
0,1,578,0.87,0.94,0.98,0.89,0.95,0.23
0,1,579,0.79,0.82,0.92,0.72,0.7,0.16
0,1,58,0.57,0.59,0.87,0.67,0.66,0.11
0,1,580,0.64,0.77,0.94,0.77,0.89,0.21
0,1,581,0.59,0.73,0.85,0.6,0.7,0.15
0,1,582,0.97,0.98,0.99,0.99,0.97,0.72
0,1,583,0.5,0.34,0.84,0.47,0.65,0.1
0,1,584,0.88,0.96,0.96,0.92,0.94,0.36
0,1,585,0.37,0.47,0.82,0.41,0.59,0.07
0,1,586,0.66,0.77,0.89,0.72,0.56,0.13
0,1,587,0.59,0.77,0.87,0.66,0.51,0.1
0,1,588,0.65,0.77,0.85,0.63,0.59,0.15
0,1,589,0.49,0.75,0.88,0.6,0.75,0.13
0,1,59,0.67,0.66,0.83,0.6,0.7,0.09
0,1,590,0.96,0.97,0.97,0.96,0.94,0.55
0,1,591,0.4,0.61,0.84,0.58,0.58,0.06
0,1,592,0.37,0.44,0.84,0.38,0.53,0.05
0,1,593,0.66,0.74,0.87,0.59,0.67,0.12
0,1,594,0.43,0.62,0.93,0.57,0.84,0.14
0,1,595,0.41,0.6,0.83,0.39,0.57,0.09
0,1,596,0.7,0.85,0.92,0.78,0.82,0.13
0,1,597,0.79,0.82,0.92,0.8,0.75,0.31
0,1,598,0.7,0.78,0.94,0.77,0.79,0.25
0,1,599,0.72,0.84,0.9,0.76,0.59,0.18
0,1,6,0.5,0.45,0.83,0.64,0.53,0.1
0,1,60,0.59,0.72,0.87,0.62,0.63,0.06
0,1,600,0.64,0.78,0.87,0.59,0.61,0.08
0,1,601,0.87,0.85,0.95,0.8,0.84,0.4
0,1,603,0.4,0.45,0.88,0.55,0.67,0.14
0,1,604,0.87,0.93,0.94,0.85,0.85,0.27
0,1,605,0.8,0.84,0.93,0.76,0.85,0.27
0,1,606,0.52,0.82,0.84,0.51,0.69,0.09
0,1,607,0.84,0.92,0.95,0.85,0.88,0.21
0,1,608,0.61,0.45,0.87,0.44,0.7,0.11
0,1,609,0.71,0.74,0.91,0.78,0.6,0.16
0,1,61,0.59,0.75,0.87,0.61,0.69,0.1
0,1,610,0.56,0.6,0.88,0.57,0.71,0.12
0,1,611,0.88,0.91,0.98,0.9,0.97,0.56
0,1,612,0.43,0.27,0.83,0.29,0.56,0.09
0,1,613,0.57,0.61,0.84,0.53,0.66,0.08
0,1,614,0.87,0.93,0.96,0.91,0.76,0.3
0,1,615,0.81,0.9,0.93,0.79,0.83,0.22
0,1,616,0.43,0.46,0.85,0.49,0.49,0.13
0,1,617,0.87,0.83,0.97,0.85,0.87,0.23
0,1,618,0.77,0.9,0.93,0.83,0.84,0.22
0,1,619,0.47,0.35,0.81,0.39,0.48,0.08
0,1,62,0.6,0.43,0.86,0.62,0.68,0.11
0,1,620,0.49,0.82,0.85,0.53,0.69,0.09
0,1,621,0.49,0.49,0.87,0.51,0.71,0.13
0,1,622,0.87,0.8,0.96,0.86,0.88,0.28
0,1,623,0.6,0.81,0.91,0.83,0.68,0.25
0,1,624,0.67,0.55,0.88,0.65,0.57,0.13
0,1,625,0.67,0.66,0.91,0.78,0.79,0.19
0,1,626,0.71,0.83,0.9,0.77,0.74,0.09
0,1,627,0.6,0.73,0.87,0.58,0.55,0.09
0,1,628,0.48,0.47,0.82,0.52,0.35,0.04
0,1,63,0.71,0.69,0.88,0.68,0.61,0.13
0,1,630,0.68,0.88,0.94,0.75,0.83,0.4
0,1,631,0.93,0.97,0.99,0.95,0.97,0.49
0,1,632,0.99,0.99,1.0,0.99,0.99,0.84
0,1,633,0.99,0.98,0.99,0.99,0.98,0.82
0,1,634,0.7,0.55,0.89,0.65,0.73,0.13
0,1,635,0.37,0.26,0.82,0.35,0.33,0.12
0,1,636,0.91,0.85,0.97,0.82,0.95,0.47
0,1,637,0.74,0.78,0.9,0.67,0.6,0.18
0,1,638,0.53,0.32,0.84,0.46,0.63,0.14
0,1,639,0.84,0.69,0.94,0.76,0.93,0.53
0,1,64,0.72,0.8,0.89,0.64,0.65,0.21
0,1,640,0.64,0.6,0.87,0.62,0.68,0.11
0,1,641,0.76,0.8,0.92,0.79,0.68,0.19
0,1,642,0.75,0.85,0.95,0.78,0.85,0.24
0,1,643,0.98,0.97,1.0,0.95,0.99,0.73
0,1,644,0.61,0.52,0.88,0.56,0.61,0.08
0,1,645,0.91,0.93,0.96,0.9,0.91,0.25
0,1,646,0.67,0.72,0.9,0.71,0.69,0.17
0,1,647,0.62,0.48,0.86,0.64,0.57,0.1
0,1,648,0.64,0.79,0.88,0.66,0.63,0.08
0,1,649,0.61,0.79,0.9,0.69,0.61,0.2
0,1,65,0.69,0.75,0.88,0.73,0.75,0.21
0,1,650,0.51,0.59,0.83,0.57,0.49,0.12
0,1,651,0.67,0.59,0.88,0.56,0.69,0.1
0,1,652,0.69,0.85,0.87,0.71,0.73,0.08
0,1,653,0.63,0.78,0.88,0.6,0.67,0.09
0,1,654,0.81,0.73,0.88,0.73,0.73,0.13
0,1,655,0.95,0.97,0.99,0.98,0.97,0.51
0,1,656,0.72,0.81,0.89,0.72,0.65,0.11
0,1,657,0.61,0.86,0.92,0.82,0.72,0.17
0,1,66,0.58,0.72,0.85,0.7,0.45,0.11
0,1,660,0.92,0.87,0.97,0.92,0.89,0.38
0,1,661,0.91,0.93,0.96,0.94,0.91,0.42
0,1,662,0.46,0.55,0.83,0.51,0.67,0.11
0,1,663,0.96,0.91,0.98,0.95,0.93,0.56
0,1,664,0.8,0.87,0.95,0.85,0.57,0.28
0,1,665,0.9,0.95,0.97,0.9,0.88,0.28
0,1,666,0.95,0.93,0.97,0.95,0.95,0.41
0,1,667,0.56,0.54,0.86,0.58,0.58,0.12
0,1,668,0.94,0.94,0.98,0.89,0.99,0.38
0,1,669,0.97,0.97,0.99,0.97,0.98,0.47
0,1,67,0.77,0.79,0.93,0.76,0.7,0.18
0,1,670,0.96,0.95,0.99,0.94,0.94,0.63
0,1,671,0.92,0.96,0.98,0.96,0.93,0.34
0,1,672,0.93,0.94,0.97,0.92,0.95,0.35
0,1,673,0.71,0.74,0.91,0.66,0.73,0.15
0,1,674,0.86,0.83,0.95,0.81,0.84,0.23
0,1,675,0.94,0.97,0.99,0.93,0.98,0.57
0,1,676,0.8,0.84,0.89,0.83,0.77,0.29
0,1,677,0.71,0.85,0.92,0.79,0.77,0.22
0,1,678,0.5,0.53,0.87,0.63,0.47,0.11
0,1,679,0.49,0.69,0.85,0.58,0.61,0.08
0,1,68,0.61,0.68,0.91,0.71,0.77,0.1
0,1,680,0.79,0.75,0.89,0.7,0.76,0.23
0,1,681,0.79,0.88,0.9,0.83,0.84,0.18
0,1,682,0.72,0.74,0.91,0.62,0.73,0.18
0,1,69,0.52,0.66,0.85,0.59,0.73,0.12
0,1,690,0.55,0.74,0.86,0.61,0.72,0.07
0,1,691,0.64,0.84,0.86,0.75,0.77,0.13
0,1,692,0.64,0.58,0.88,0.69,0.48,0.08
0,1,693,0.65,0.85,0.87,0.78,0.59,0.13
0,1,694,0.67,0.84,0.9,0.71,0.69,0.14
0,1,695,0.55,0.52,0.83,0.62,0.58,0.06
0,1,696,0.99,0.99,0.99,0.98,0.98,0.87
0,1,697,0.9,0.88,0.97,0.85,0.97,0.47
0,1,698,0.75,0.78,0.85,0.7,0.68,0.09
0,1,699,0.81,0.89,0.95,0.8,0.93,0.34
0,1,7,0.79,0.78,0.9,0.8,0.81,0.15
0,1,70,0.72,0.84,0.92,0.67,0.77,0.24
0,1,700,0.91,0.94,0.98,0.94,0.98,0.32
0,1,701,0.95,0.96,0.98,0.96,0.96,0.47
0,1,702,0.65,0.88,0.89,0.79,0.67,0.22
0,1,71,0.74,0.78,0.9,0.68,0.69,0.12
0,1,72,0.69,0.86,0.89,0.63,0.72,0.09
0,1,73,0.65,0.69,0.88,0.62,0.65,0.18
0,1,74,0.7,0.77,0.91,0.69,0.73,0.21
0,1,75,0.54,0.55,0.86,0.51,0.61,0.1
0,1,76,0.64,0.57,0.86,0.55,0.61,0.18
0,1,77,0.55,0.7,0.87,0.62,0.66,0.14
0,1,78,0.69,0.85,0.9,0.71,0.77,0.12
0,1,79,0.81,0.8,0.92,0.76,0.74,0.2
0,1,8,0.69,0.75,0.92,0.65,0.73,0.17
0,1,80,0.76,0.84,0.92,0.68,0.86,0.12
0,1,81,0.72,0.83,0.89,0.76,0.74,0.13
0,1,83,0.77,0.79,0.92,0.81,0.75,0.18
0,1,84,0.63,0.52,0.91,0.62,0.67,0.11
0,1,85,0.77,0.84,0.92,0.63,0.76,0.23
0,1,86,0.67,0.81,0.91,0.62,0.78,0.14
0,1,87,0.46,0.8,0.89,0.76,0.67,0.19
0,1,88,0.65,0.6,0.89,0.66,0.52,0.12
0,1,89,0.7,0.54,0.87,0.67,0.65,0.11
0,1,9,0.49,0.43,0.87,0.67,0.53,0.08
0,1,90,0.7,0.76,0.93,0.74,0.84,0.13
0,1,92,0.5,0.71,0.91,0.66,0.85,0.2
0,1,93,0.87,0.92,0.95,0.86,0.93,0.27
0,1,94,0.39,0.41,0.82,0.37,0.5,0.07
0,1,95,0.64,0.67,0.89,0.71,0.66,0.14
0,1,96,0.7,0.78,0.92,0.71,0.78,0.18
0,1,97,0.94,0.99,0.99,0.98,0.97,0.54
0,1,98,0.72,0.88,0.96,0.8,0.93,0.16
0,2,1,0.65,0.76,0.92,0.79,0.75,0.14
0,2,10,0.52,0.74,0.89,0.72,0.64,0.1
0,2,100,0.63,0.73,0.88,0.62,0.76,0.11
0,2,101,0.64,0.68,0.92,0.79,0.77,0.13
0,2,102,0.55,0.76,0.89,0.7,0.77,0.16
0,2,103,0.33,0.18,0.79,0.36,0.45,0.05
0,2,104,0.37,0.19,0.79,0.38,0.43,0.11
0,2,105,0.62,0.75,0.86,0.68,0.72,0.17
0,2,107,0.63,0.26,0.89,0.68,0.67,0.08
0,2,108,0.52,0.42,0.86,0.53,0.53,0.11
0,2,109,0.73,0.63,0.93,0.64,0.74,0.18
0,2,11,0.52,0.56,0.85,0.56,0.56,0.1
0,2,110,0.65,0.64,0.9,0.64,0.55,0.19
0,2,111,0.52,0.74,0.89,0.59,0.55,0.12
0,2,112,0.44,0.67,0.87,0.43,0.72,0.12
0,2,113,0.47,0.44,0.85,0.55,0.41,0.07
0,2,114,0.46,0.67,0.88,0.64,0.67,0.15
0,2,115,0.44,0.44,0.83,0.33,0.54,0.09
0,2,116,0.4,0.34,0.84,0.47,0.56,0.07
0,2,117,0.58,0.62,0.87,0.52,0.63,0.12
0,2,12,0.44,0.44,0.86,0.43,0.63,0.14
0,2,120,0.69,0.85,0.91,0.71,0.8,0.17
0,2,121,0.55,0.53,0.85,0.58,0.52,0.13
0,2,122,0.59,0.78,0.86,0.72,0.71,0.13
0,2,123,0.64,0.76,0.87,0.73,0.68,0.23
0,2,124,0.51,0.71,0.86,0.64,0.51,0.15
0,2,125,0.56,0.78,0.89,0.78,0.57,0.14
0,2,126,0.69,0.89,0.89,0.79,0.65,0.15
0,2,127,0.67,0.71,0.88,0.64,0.34,0.12
0,2,128,0.41,0.59,0.86,0.64,0.51,0.12
0,2,129,0.49,0.57,0.83,0.6,0.54,0.11
0,2,13,0.46,0.7,0.88,0.64,0.58,0.11
0,2,130,0.43,0.58,0.83,0.5,0.51,0.1
0,2,131,0.51,0.72,0.84,0.59,0.62,0.06
0,2,132,0.62,0.77,0.89,0.71,0.6,0.14
0,2,133,0.68,0.67,0.88,0.65,0.7,0.16
0,2,134,0.54,0.76,0.85,0.69,0.62,0.09
0,2,135,0.54,0.74,0.86,0.71,0.55,0.14
0,2,136,0.72,0.83,0.92,0.75,0.81,0.2
0,2,137,0.73,0.83,0.9,0.67,0.73,0.2
0,2,138,0.3,0.37,0.83,0.37,0.31,0.12
0,2,139,0.78,0.87,0.92,0.83,0.71,0.25
0,2,14,0.56,0.42,0.88,0.55,0.59,0.16
0,2,140,0.52,0.55,0.88,0.65,0.52,0.14
0,2,141,0.71,0.82,0.87,0.74,0.66,0.12
0,2,142,0.92,0.93,0.97,0.87,0.94,0.44
0,2,143,0.47,0.64,0.85,0.47,0.59,0.13
0,2,144,0.67,0.68,0.89,0.68,0.7,0.09
0,2,145,0.69,0.89,0.92,0.72,0.81,0.15
0,2,146,0.72,0.86,0.91,0.8,0.73,0.15
0,2,147,0.59,0.77,0.91,0.7,0.74,0.14
0,2,148,0.6,0.72,0.86,0.59,0.55,0.08
0,2,149,0.58,0.78,0.9,0.77,0.71,0.16
0,2,15,0.54,0.52,0.84,0.53,0.64,0.11
0,2,150,0.58,0.62,0.87,0.57,0.64,0.15
0,2,151,0.63,0.74,0.87,0.59,0.54,0.09
0,2,153,0.74,0.77,0.89,0.69,0.69,0.14
0,2,154,0.57,0.68,0.86,0.6,0.5,0.17
0,2,155,0.65,0.62,0.89,0.68,0.66,0.12
0,2,157,0.5,0.66,0.84,0.45,0.62,0.08
0,2,158,0.78,0.89,0.95,0.81,0.86,0.31
0,2,159,0.7,0.76,0.89,0.7,0.54,0.17
0,2,16,0.59,0.84,0.87,0.63,0.81,0.15
0,2,160,0.66,0.62,0.89,0.65,0.66,0.1
0,2,161,0.39,0.41,0.82,0.35,0.44,0.05
0,2,162,0.52,0.57,0.84,0.61,0.42,0.08
0,2,163,0.71,0.84,0.9,0.73,0.67,0.15
0,2,164,0.71,0.82,0.89,0.75,0.65,0.11
0,2,165,0.55,0.57,0.85,0.6,0.44,0.13
0,2,166,0.57,0.58,0.87,0.55,0.6,0.19
0,2,167,0.71,0.68,0.9,0.71,0.78,0.16
0,2,168,0.8,0.84,0.92,0.85,0.76,0.17
0,2,169,0.2,0.27,0.82,0.35,0.45,0.09
0,2,17,0.59,0.47,0.89,0.61,0.63,0.12
0,2,170,0.58,0.71,0.9,0.72,0.72,0.17
0,2,173,0.46,0.43,0.87,0.56,0.72,0.16
0,2,174,0.6,0.62,0.85,0.69,0.43,0.09
0,2,175,0.34,0.43,0.83,0.47,0.57,0.17
0,2,176,0.44,0.61,0.86,0.58,0.6,0.12
0,2,177,0.68,0.7,0.89,0.72,0.64,0.15
0,2,178,0.43,0.36,0.82,0.46,0.4,0.09
0,2,179,0.65,0.77,0.9,0.81,0.67,0.11
0,2,18,0.63,0.64,0.89,0.54,0.71,0.19
0,2,180,0.55,0.57,0.88,0.57,0.68,0.14
0,2,181,0.8,0.86,0.91,0.86,0.78,0.12
0,2,182,0.51,0.63,0.88,0.64,0.55,0.12
0,2,183,0.82,0.87,0.93,0.82,0.73,0.24
0,2,184,0.54,0.63,0.82,0.55,0.65,0.03
0,2,185,0.52,0.63,0.86,0.58,0.55,0.08
0,2,186,0.45,0.55,0.83,0.48,0.47,0.07
0,2,187,0.54,0.53,0.87,0.55,0.58,0.17
0,2,188,0.32,0.35,0.79,0.37,0.21,0.04
0,2,189,0.6,0.66,0.9,0.73,0.71,0.13
0,2,19,0.49,0.56,0.86,0.63,0.54,0.07
0,2,190,0.93,0.95,0.98,0.95,0.93,0.54
0,2,191,0.67,0.74,0.89,0.72,0.66,0.13
0,2,192,0.43,0.47,0.82,0.41,0.35,0.09
0,2,193,0.66,0.55,0.86,0.58,0.58,0.12
0,2,194,0.67,0.88,0.91,0.76,0.7,0.16
0,2,195,0.95,0.98,0.98,0.97,0.97,0.49
0,2,196,0.66,0.61,0.87,0.52,0.76,0.14
0,2,197,0.68,0.8,0.89,0.81,0.62,0.16
0,2,198,0.22,0.38,0.76,0.25,0.25,0.04
0,2,199,0.84,0.86,0.94,0.83,0.83,0.34
0,2,2,0.9,0.74,0.96,0.84,0.93,0.39
0,2,20,0.52,0.75,0.88,0.65,0.69,0.07
0,2,200,0.62,0.75,0.9,0.67,0.85,0.12
0,2,201,0.68,0.79,0.91,0.72,0.6,0.17
0,2,202,0.7,0.67,0.92,0.72,0.69,0.21
0,2,203,0.68,0.87,0.89,0.78,0.58,0.1
0,2,204,0.75,0.82,0.89,0.79,0.73,0.1
0,2,206,0.8,0.95,0.97,0.8,0.92,0.3
0,2,207,0.31,0.22,0.75,0.21,0.36,0.05
0,2,208,0.45,0.66,0.87,0.66,0.48,0.12
0,2,209,0.71,0.77,0.9,0.72,0.71,0.17
0,2,21,0.53,0.6,0.86,0.59,0.62,0.05
0,2,212,0.33,0.45,0.83,0.46,0.49,0.16
0,2,215,0.58,0.55,0.9,0.67,0.67,0.21
0,2,216,0.51,0.56,0.86,0.55,0.68,0.07
0,2,217,0.57,0.75,0.89,0.62,0.73,0.15
0,2,218,0.7,0.73,0.93,0.81,0.73,0.15
0,2,219,0.73,0.75,0.9,0.74,0.7,0.14
0,2,22,0.47,0.64,0.86,0.6,0.68,0.08
0,2,220,0.64,0.75,0.9,0.73,0.69,0.14
0,2,221,0.72,0.77,0.9,0.66,0.7,0.16
0,2,222,0.66,0.73,0.88,0.65,0.63,0.06
0,2,224,0.58,0.76,0.9,0.71,0.73,0.16
0,2,226,0.53,0.6,0.86,0.49,0.68,0.15
0,2,227,0.6,0.51,0.84,0.53,0.48,0.09
0,2,228,0.76,0.78,0.92,0.8,0.77,0.16
0,2,229,0.7,0.74,0.89,0.69,0.67,0.13
0,2,23,0.64,0.56,0.87,0.51,0.56,0.14
0,2,230,0.67,0.7,0.91,0.76,0.59,0.2
0,2,231,0.81,0.9,0.9,0.8,0.73,0.11
0,2,233,0.45,0.31,0.78,0.32,0.4,0.06
0,2,234,0.71,0.62,0.91,0.62,0.82,0.22
0,2,237,0.77,0.85,0.92,0.85,0.78,0.19
0,2,24,0.66,0.73,0.87,0.57,0.72,0.12
0,2,240,0.67,0.66,0.88,0.69,0.46,0.11
0,2,242,0.54,0.56,0.86,0.55,0.58,0.14
0,2,243,0.67,0.8,0.9,0.75,0.82,0.12
0,2,244,0.75,0.77,0.91,0.68,0.74,0.22
0,2,245,0.72,0.67,0.86,0.6,0.69,0.17
0,2,247,0.57,0.76,0.88,0.64,0.79,0.11
0,2,248,0.67,0.68,0.88,0.79,0.52,0.23
0,2,25,0.67,0.83,0.9,0.8,0.76,0.11
0,2,250,0.66,0.7,0.88,0.72,0.55,0.09
0,2,251,0.44,0.46,0.87,0.47,0.61,0.1
0,2,252,0.64,0.5,0.83,0.55,0.58,0.11
0,2,253,0.43,0.45,0.83,0.47,0.5,0.08
0,2,256,0.34,0.4,0.82,0.39,0.45,0.05
0,2,26,0.51,0.77,0.86,0.6,0.46,0.09
0,2,261,0.57,0.67,0.83,0.6,0.58,0.09
0,2,263,0.6,0.53,0.84,0.54,0.53,0.12
0,2,267,0.43,0.65,0.81,0.47,0.45,0.06
0,2,268,0.61,0.87,0.9,0.68,0.76,0.12
0,2,27,0.71,0.78,0.91,0.72,0.7,0.18
0,2,270,0.52,0.53,0.85,0.58,0.48,0.11
0,2,271,0.73,0.84,0.91,0.79,0.72,0.12
0,2,272,0.43,0.62,0.89,0.54,0.65,0.2
0,2,273,0.42,0.6,0.82,0.55,0.69,0.08
0,2,274,0.54,0.67,0.9,0.64,0.74,0.11
0,2,275,0.44,0.68,0.84,0.55,0.54,0.1
0,2,276,0.5,0.65,0.84,0.58,0.51,0.17
0,2,277,0.94,0.95,0.98,0.96,0.97,0.55
0,2,278,0.59,0.7,0.84,0.69,0.49,0.14
0,2,279,0.63,0.76,0.87,0.76,0.45,0.08
0,2,28,0.21,0.25,0.76,0.17,0.28,0.09
0,2,285,0.68,0.81,0.92,0.71,0.78,0.2
0,2,287,0.6,0.69,0.88,0.73,0.63,0.09
0,2,29,0.61,0.58,0.88,0.58,0.54,0.13
0,2,290,0.88,0.9,0.94,0.91,0.83,0.45
0,2,291,0.57,0.72,0.91,0.76,0.78,0.13
0,2,292,0.35,0.27,0.78,0.31,0.42,0.06
0,2,293,0.68,0.68,0.9,0.72,0.73,0.16
0,2,294,0.68,0.76,0.91,0.75,0.75,0.13
0,2,295,0.63,0.81,0.9,0.73,0.82,0.11
0,2,296,0.65,0.87,0.89,0.74,0.79,0.16
0,2,297,0.88,0.91,0.94,0.86,0.81,0.36
0,2,298,0.69,0.7,0.9,0.71,0.72,0.14
0,2,299,0.59,0.79,0.89,0.71,0.74,0.18
0,2,3,0.62,0.68,0.9,0.66,0.71,0.12
0,2,30,0.68,0.84,0.92,0.76,0.7,0.14
0,2,300,0.64,0.78,0.89,0.66,0.69,0.12
0,2,301,0.61,0.8,0.93,0.7,0.87,0.18
0,2,302,0.69,0.61,0.86,0.55,0.62,0.24
0,2,303,0.78,0.8,0.91,0.77,0.78,0.24
0,2,304,0.83,0.91,0.94,0.87,0.86,0.36
0,2,305,0.7,0.86,0.91,0.81,0.76,0.14
0,2,306,0.98,0.99,0.99,0.97,0.9,0.9
0,2,307,0.76,0.75,0.88,0.76,0.77,0.06
0,2,308,0.71,0.84,0.9,0.8,0.73,0.13
0,2,309,0.6,0.62,0.88,0.61,0.72,0.13
0,2,31,0.61,0.78,0.89,0.6,0.66,0.1
0,2,310,0.61,0.65,0.89,0.61,0.74,0.16
0,2,312,0.68,0.85,0.93,0.83,0.79,0.27
0,2,313,0.69,0.67,0.91,0.76,0.71,0.24
0,2,317,0.71,0.88,0.92,0.86,0.7,0.18
0,2,318,0.62,0.76,0.89,0.69,0.66,0.19
0,2,319,0.42,0.72,0.87,0.67,0.76,0.14
0,2,32,0.61,0.8,0.87,0.67,0.65,0.16
0,2,320,0.7,0.76,0.87,0.77,0.69,0.15
0,2,321,0.71,0.81,0.91,0.82,0.6,0.21
0,2,322,0.9,0.92,0.97,0.93,0.87,0.61
0,2,323,0.57,0.66,0.88,0.63,0.66,0.12
0,2,324,0.74,0.67,0.89,0.71,0.59,0.23
0,2,325,0.85,0.89,0.96,0.84,0.91,0.24
0,2,326,0.62,0.87,0.91,0.78,0.71,0.17
0,2,327,0.83,0.92,0.94,0.87,0.85,0.22
0,2,328,0.72,0.81,0.94,0.77,0.78,0.2
0,2,329,0.55,0.77,0.87,0.65,0.63,0.07
0,2,33,0.67,0.81,0.89,0.76,0.68,0.17
0,2,330,0.49,0.58,0.84,0.59,0.52,0.1
0,2,331,0.58,0.79,0.88,0.61,0.67,0.16
0,2,332,0.56,0.26,0.85,0.4,0.58,0.06
0,2,34,0.6,0.76,0.86,0.63,0.67,0.17
0,2,35,0.57,0.5,0.87,0.61,0.59,0.12
0,2,36,0.48,0.38,0.86,0.37,0.58,0.1
0,2,37,0.54,0.43,0.86,0.52,0.62,0.08
0,2,38,0.49,0.68,0.86,0.6,0.51,0.15
0,2,383,0.59,0.61,0.89,0.63,0.61,0.11
0,2,384,0.3,0.27,0.78,0.38,0.34,0.08
0,2,385,0.29,0.18,0.78,0.26,0.26,0.09
0,2,386,0.69,0.76,0.89,0.78,0.54,0.14
0,2,387,0.38,0.38,0.82,0.39,0.34,0.1
0,2,388,0.43,0.47,0.81,0.54,0.36,0.15
0,2,389,0.52,0.4,0.83,0.55,0.4,0.15
0,2,39,0.6,0.54,0.83,0.52,0.48,0.1
0,2,390,0.7,0.74,0.9,0.78,0.74,0.13
0,2,391,0.78,0.87,0.94,0.84,0.79,0.21
0,2,392,0.64,0.76,0.89,0.71,0.71,0.11
0,2,393,0.57,0.68,0.87,0.58,0.68,0.11
0,2,394,0.72,0.84,0.9,0.73,0.72,0.13
0,2,395,0.7,0.82,0.93,0.78,0.8,0.15
0,2,397,0.85,0.93,0.95,0.93,0.8,0.35
0,2,398,0.81,0.88,0.92,0.77,0.73,0.14
0,2,399,0.77,0.84,0.91,0.79,0.74,0.15
0,2,4,0.52,0.62,0.9,0.59,0.69,0.17
0,2,40,0.51,0.43,0.83,0.49,0.49,0.08
0,2,400,0.66,0.74,0.88,0.69,0.51,0.1
0,2,401,0.6,0.75,0.86,0.63,0.59,0.11
0,2,402,0.75,0.92,0.94,0.83,0.78,0.17
0,2,406,0.31,0.37,0.79,0.34,0.26,0.07
0,2,407,0.48,0.64,0.87,0.57,0.46,0.06
0,2,41,0.82,0.86,0.93,0.8,0.75,0.12
0,2,410,0.66,0.66,0.92,0.71,0.76,0.13
0,2,412,0.46,0.46,0.83,0.45,0.35,0.11
0,2,413,0.52,0.63,0.9,0.67,0.59,0.13
0,2,414,0.63,0.7,0.9,0.67,0.43,0.11
0,2,415,0.65,0.68,0.88,0.68,0.51,0.1
0,2,416,0.7,0.75,0.9,0.7,0.66,0.1
0,2,417,0.46,0.73,0.86,0.65,0.53,0.09
0,2,418,0.41,0.56,0.85,0.58,0.65,0.11
0,2,42,0.71,0.81,0.89,0.71,0.65,0.1
0,2,420,0.37,0.53,0.82,0.44,0.48,0.12
0,2,421,0.57,0.65,0.88,0.67,0.52,0.12
0,2,422,0.54,0.69,0.87,0.7,0.62,0.12
0,2,423,0.33,0.63,0.85,0.57,0.51,0.08
0,2,424,0.34,0.43,0.84,0.47,0.25,0.06
0,2,425,0.51,0.68,0.88,0.67,0.61,0.12
0,2,426,0.32,0.47,0.84,0.49,0.32,0.11
0,2,427,0.58,0.58,0.89,0.62,0.83,0.14
0,2,428,0.68,0.77,0.89,0.73,0.86,0.16
0,2,429,0.28,0.35,0.76,0.46,0.3,0.02
0,2,43,0.73,0.82,0.9,0.76,0.81,0.2
0,2,433,0.52,0.48,0.83,0.48,0.38,0.09
0,2,434,0.03,0.09,0,0.05,0.08,0.0
0,2,435,0.03,0.09,0,0.06,0.08,0.0
0,2,438,0.52,0.7,0.89,0.62,0.61,0.22
0,2,439,0.53,0.43,0.82,0.59,0.39,0.15
0,2,44,0.61,0.63,0.9,0.59,0.74,0.13
0,2,440,0.41,0.45,0.83,0.49,0.37,0.11
0,2,441,0.53,0.52,0.87,0.61,0.71,0.14
0,2,442,0.52,0.66,0.87,0.69,0.69,0.12
0,2,443,0.57,0.77,0.88,0.72,0.74,0.11
0,2,444,0.68,0.75,0.89,0.7,0.57,0.15
0,2,445,0.64,0.76,0.89,0.76,0.58,0.13
0,2,446,0.7,0.79,0.88,0.74,0.68,0.15
0,2,447,0.73,0.75,0.9,0.78,0.46,0.18
0,2,448,0.58,0.49,0.84,0.44,0.58,0.1
0,2,45,0.67,0.58,0.91,0.65,0.72,0.17
0,2,452,0.61,0.67,0.86,0.62,0.69,0.14
0,2,456,0.53,0.58,0.83,0.64,0.59,0.1
0,2,457,0.72,0.87,0.88,0.74,0.67,0.17
0,2,458,0.65,0.83,0.91,0.81,0.74,0.12
0,2,459,0.52,0.69,0.87,0.48,0.61,0.09
0,2,46,0.43,0.31,0.81,0.45,0.41,0.13
0,2,460,0.64,0.79,0.86,0.73,0.61,0.11
0,2,461,0.66,0.86,0.91,0.73,0.85,0.17
0,2,462,0.25,0.45,0.83,0.35,0.58,0.09
0,2,463,0.78,0.93,0.94,0.79,0.85,0.32
0,2,464,0.5,0.86,0.89,0.66,0.75,0.16
0,2,465,0.62,0.76,0.88,0.62,0.73,0.11
0,2,466,0.45,0.49,0.84,0.38,0.66,0.11
0,2,467,0.65,0.79,0.9,0.76,0.61,0.16
0,2,468,0.68,0.64,0.9,0.64,0.67,0.09
0,2,469,0.66,0.76,0.85,0.61,0.68,0.12
0,2,47,0.51,0.36,0.83,0.35,0.43,0.13
0,2,471,0.58,0.81,0.89,0.67,0.55,0.17
0,2,472,0.73,0.71,0.89,0.68,0.69,0.15
0,2,473,0.33,0.77,0.84,0.47,0.6,0.05
0,2,474,0.56,0.86,0.87,0.61,0.78,0.15
0,2,475,0.53,0.73,0.83,0.5,0.64,0.07
0,2,476,0.49,0.86,0.89,0.67,0.62,0.1
0,2,477,0.62,0.79,0.89,0.52,0.67,0.22
0,2,478,0.68,0.81,0.84,0.69,0.63,0.07
0,2,479,0.65,0.73,0.88,0.64,0.6,0.13
0,2,48,0.58,0.62,0.88,0.58,0.62,0.16
0,2,480,0.54,0.7,0.86,0.68,0.58,0.09
0,2,481,0.79,0.85,0.95,0.81,0.7,0.22
0,2,482,0.75,0.8,0.89,0.7,0.76,0.11
0,2,485,0.39,0.44,0.84,0.38,0.53,0.11
0,2,486,0.67,0.86,0.93,0.78,0.77,0.16
0,2,487,0.68,0.8,0.92,0.77,0.69,0.12
0,2,488,0.66,0.71,0.87,0.62,0.62,0.13
0,2,489,0.58,0.88,0.9,0.79,0.79,0.13
0,2,49,0.63,0.79,0.88,0.54,0.77,0.11
0,2,490,0.63,0.86,0.89,0.74,0.74,0.16
0,2,491,0.62,0.83,0.88,0.74,0.69,0.12
0,2,492,0.59,0.75,0.87,0.71,0.64,0.13
0,2,493,0.55,0.83,0.85,0.68,0.68,0.12
0,2,494,0.6,0.87,0.89,0.68,0.74,0.1
0,2,495,0.7,0.85,0.92,0.78,0.75,0.21
0,2,496,0.56,0.75,0.89,0.68,0.64,0.08
0,2,497,0.67,0.74,0.91,0.77,0.76,0.14
0,2,498,0.8,0.79,0.91,0.75,0.79,0.15
0,2,499,0.58,0.48,0.87,0.62,0.59,0.11
0,2,5,0.39,0.28,0.81,0.37,0.4,0.11
0,2,50,0.6,0.79,0.87,0.59,0.75,0.09
0,2,500,0.6,0.76,0.87,0.71,0.56,0.12
0,2,501,0.37,0.23,0.78,0.38,0.49,0.11
0,2,502,0.49,0.35,0.85,0.47,0.57,0.11
0,2,503,0.72,0.8,0.92,0.83,0.69,0.19
0,2,504,0.35,0.16,0.79,0.35,0.41,0.04
0,2,505,0.43,0.49,0.84,0.53,0.47,0.11
0,2,506,0.57,0.68,0.89,0.67,0.64,0.13
0,2,507,0.46,0.57,0.89,0.62,0.52,0.12
0,2,508,0.68,0.75,0.91,0.77,0.61,0.12
0,2,509,0.53,0.59,0.83,0.6,0.55,0.1
0,2,51,0.67,0.71,0.89,0.68,0.68,0.12
0,2,510,0.74,0.77,0.91,0.71,0.71,0.17
0,2,511,0.68,0.71,0.92,0.72,0.69,0.18
0,2,516,0.65,0.7,0.91,0.72,0.52,0.15
0,2,517,0.67,0.49,0.92,0.63,0.82,0.14
0,2,518,0.51,0.52,0.84,0.55,0.55,0.09
0,2,519,0.6,0.63,0.89,0.7,0.62,0.21
0,2,52,0.69,0.85,0.92,0.77,0.82,0.18
0,2,520,0.81,0.86,0.93,0.74,0.75,0.19
0,2,521,0.59,0.46,0.85,0.61,0.5,0.12
0,2,522,0.68,0.78,0.86,0.65,0.52,0.09
0,2,523,0.63,0.72,0.85,0.67,0.59,0.09
0,2,524,0.25,0.03,0.79,0.3,0.33,0.07
0,2,528,0.71,0.89,0.91,0.8,0.8,0.23
0,2,529,0.61,0.62,0.89,0.61,0.83,0.17
0,2,53,0.63,0.74,0.91,0.64,0.66,0.18
0,2,530,0.6,0.68,0.85,0.58,0.42,0.07
0,2,531,0.58,0.57,0.85,0.55,0.54,0.09
0,2,532,0.63,0.43,0.84,0.48,0.5,0.1
0,2,533,0.5,0.47,0.85,0.55,0.51,0.1
0,2,534,0.61,0.73,0.86,0.72,0.51,0.09
0,2,535,0.56,0.75,0.88,0.71,0.58,0.13
0,2,536,0.46,0.52,0.82,0.53,0.52,0.12
0,2,537,0.62,0.64,0.87,0.63,0.5,0.11
0,2,538,0.61,0.75,0.87,0.72,0.64,0.17
0,2,539,0.71,0.62,0.89,0.72,0.57,0.12
0,2,54,0.4,0.41,0.85,0.41,0.56,0.07
0,2,540,0.54,0.77,0.86,0.7,0.5,0.22
0,2,541,0.47,0.37,0.84,0.58,0.47,0.07
0,2,542,0.49,0.42,0.82,0.37,0.48,0.11
0,2,543,0.55,0.75,0.86,0.7,0.61,0.05
0,2,544,0.59,0.71,0.86,0.68,0.49,0.1
0,2,545,0.46,0.3,0.84,0.46,0.6,0.12
0,2,546,0.77,0.92,0.9,0.86,0.73,0.16
0,2,547,0.51,0.54,0.84,0.52,0.38,0.06
0,2,548,0.53,0.68,0.87,0.64,0.64,0.12
0,2,549,0.56,0.58,0.85,0.5,0.66,0.07
0,2,55,0.52,0.63,0.85,0.41,0.56,0.13
0,2,550,0.54,0.78,0.87,0.7,0.5,0.12
0,2,551,0.37,0.55,0.86,0.47,0.51,0.07
0,2,552,0.6,0.56,0.88,0.61,0.67,0.14
0,2,554,0.44,0.58,0.84,0.52,0.57,0.09
0,2,555,0.6,0.66,0.86,0.61,0.69,0.1
0,2,556,0.62,0.68,0.87,0.62,0.49,0.12
0,2,558,0.64,0.72,0.88,0.66,0.65,0.14
0,2,559,0.63,0.62,0.85,0.58,0.65,0.08
0,2,560,0.48,0.75,0.84,0.5,0.55,0.06
0,2,561,0.72,0.81,0.85,0.7,0.7,0.08
0,2,562,0.46,0.4,0.8,0.45,0.48,0.06
0,2,563,0.58,0.44,0.84,0.54,0.63,0.09
0,2,564,0.7,0.73,0.91,0.68,0.78,0.17
0,2,565,0.73,0.86,0.9,0.76,0.8,0.15
0,2,568,0.67,0.81,0.88,0.72,0.73,0.08
0,2,569,0.57,0.45,0.86,0.5,0.59,0.08
0,2,57,0.66,0.78,0.87,0.55,0.78,0.15
0,2,571,0.6,0.71,0.85,0.51,0.62,0.08
0,2,572,0.56,0.65,0.86,0.63,0.55,0.1
0,2,573,0.55,0.77,0.89,0.64,0.56,0.16
0,2,574,0.65,0.8,0.91,0.72,0.6,0.17
0,2,575,0.59,0.76,0.89,0.69,0.6,0.12
0,2,576,0.41,0.14,0.84,0.33,0.48,0.08
0,2,577,0.41,0.26,0.82,0.39,0.45,0.13
0,2,578,0.56,0.83,0.88,0.75,0.77,0.11
0,2,579,0.79,0.77,0.9,0.77,0.66,0.17
0,2,58,0.52,0.61,0.85,0.65,0.57,0.13
0,2,580,0.47,0.47,0.86,0.57,0.63,0.09
0,2,581,0.65,0.77,0.9,0.7,0.73,0.15
0,2,582,0.51,0.6,0.85,0.55,0.76,0.12
0,2,583,0.6,0.78,0.9,0.75,0.71,0.12
0,2,584,0.62,0.76,0.88,0.74,0.7,0.05
0,2,585,0.53,0.6,0.86,0.61,0.64,0.15
0,2,586,0.64,0.78,0.88,0.69,0.55,0.15
0,2,587,0.67,0.7,0.86,0.64,0.64,0.13
0,2,588,0.51,0.78,0.86,0.66,0.63,0.13
0,2,589,0.58,0.73,0.88,0.67,0.75,0.13
0,2,59,0.67,0.68,0.84,0.6,0.72,0.07
0,2,590,0.58,0.84,0.88,0.5,0.78,0.17
0,2,591,0.38,0.53,0.83,0.49,0.54,0.08
0,2,592,0.5,0.63,0.87,0.52,0.58,0.07
0,2,593,0.54,0.51,0.84,0.48,0.61,0.1
0,2,594,0.34,0.52,0.87,0.42,0.65,0.1
0,2,595,0.52,0.65,0.86,0.49,0.6,0.12
0,2,596,0.66,0.88,0.9,0.77,0.79,0.12
0,2,597,0.73,0.78,0.91,0.75,0.79,0.16
0,2,598,0.62,0.78,0.88,0.7,0.68,0.19
0,2,599,0.6,0.79,0.88,0.75,0.45,0.13
0,2,6,0.6,0.49,0.85,0.68,0.5,0.18
0,2,60,0.64,0.72,0.86,0.6,0.71,0.1
0,2,600,0.65,0.8,0.87,0.61,0.62,0.12
0,2,601,0.67,0.77,0.86,0.63,0.67,0.08
0,2,603,0.37,0.38,0.81,0.44,0.5,0.06
0,2,604,0.68,0.74,0.91,0.61,0.71,0.2
0,2,605,0.74,0.73,0.88,0.69,0.67,0.11
0,2,606,0.65,0.85,0.89,0.64,0.74,0.08
0,2,607,0.36,0.4,0.83,0.4,0.49,0.07
0,2,608,0.72,0.79,0.92,0.69,0.77,0.17
0,2,609,0.72,0.8,0.92,0.74,0.82,0.15
0,2,61,0.56,0.5,0.86,0.46,0.68,0.12
0,2,610,0.55,0.72,0.88,0.63,0.68,0.08
0,2,611,0.63,0.79,0.89,0.75,0.69,0.11
0,2,612,0.51,0.42,0.85,0.43,0.53,0.14
0,2,613,0.65,0.65,0.85,0.59,0.64,0.1
0,2,614,0.67,0.8,0.89,0.65,0.68,0.09
0,2,615,0.7,0.76,0.93,0.79,0.79,0.15
0,2,616,0.42,0.38,0.8,0.33,0.46,0.04
0,2,617,0.77,0.76,0.94,0.79,0.84,0.07
0,2,618,0.46,0.46,0.84,0.48,0.58,0.1
0,2,619,0.55,0.49,0.85,0.5,0.58,0.08
0,2,62,0.73,0.78,0.92,0.76,0.75,0.2
0,2,620,0.51,0.82,0.86,0.6,0.81,0.14
0,2,621,0.57,0.8,0.9,0.71,0.79,0.14
0,2,622,0.61,0.5,0.87,0.48,0.62,0.14
0,2,623,0.61,0.52,0.9,0.73,0.62,0.14
0,2,624,0.75,0.86,0.91,0.79,0.72,0.21
0,2,625,0.67,0.85,0.89,0.76,0.76,0.18
0,2,626,0.73,0.89,0.87,0.79,0.73,0.09
0,2,627,0.63,0.78,0.87,0.66,0.51,0.11
0,2,628,0.61,0.74,0.85,0.68,0.51,0.07
0,2,63,0.75,0.75,0.89,0.7,0.68,0.15
0,2,630,0.67,0.85,0.91,0.73,0.68,0.14
0,2,631,0.61,0.87,0.92,0.83,0.73,0.11
0,2,632,0.63,0.69,0.85,0.77,0.73,0.09
0,2,633,0.62,0.88,0.91,0.74,0.75,0.14
0,2,634,0.7,0.59,0.87,0.63,0.67,0.12
0,2,635,0.71,0.66,0.9,0.63,0.68,0.17
0,2,636,0.64,0.69,0.9,0.69,0.67,0.2
0,2,637,0.8,0.83,0.89,0.66,0.59,0.18
0,2,638,0.67,0.73,0.9,0.77,0.77,0.17
0,2,639,0.5,0.42,0.85,0.33,0.5,0.12
0,2,64,0.75,0.88,0.91,0.74,0.73,0.19
0,2,640,0.34,0.24,0.82,0.39,0.5,0.08
0,2,641,0.62,0.77,0.89,0.71,0.55,0.15
0,2,642,0.65,0.68,0.91,0.62,0.75,0.14
0,2,643,0.52,0.41,0.89,0.62,0.57,0.16
0,2,644,0.56,0.59,0.84,0.54,0.52,0.09
0,2,645,0.71,0.85,0.9,0.79,0.74,0.18
0,2,646,0.69,0.7,0.9,0.72,0.66,0.14
0,2,647,0.67,0.47,0.88,0.62,0.61,0.13
0,2,648,0.72,0.79,0.89,0.68,0.63,0.09
0,2,649,0.57,0.71,0.87,0.69,0.51,0.14
0,2,65,0.64,0.68,0.9,0.71,0.74,0.19
0,2,650,0.42,0.34,0.79,0.45,0.42,0.1
0,2,651,0.61,0.67,0.88,0.55,0.64,0.11
0,2,652,0.6,0.86,0.88,0.71,0.76,0.06
0,2,653,0.7,0.76,0.87,0.57,0.65,0.09
0,2,654,0.41,0.4,0.82,0.49,0.45,0.02
0,2,655,0.59,0.76,0.88,0.7,0.76,0.15
0,2,656,0.73,0.85,0.91,0.76,0.67,0.13
0,2,657,0.68,0.87,0.91,0.85,0.77,0.16
0,2,66,0.77,0.77,0.89,0.74,0.6,0.1
0,2,660,0.77,0.81,0.94,0.79,0.83,0.15
0,2,661,0.8,0.85,0.92,0.8,0.77,0.21
0,2,662,0.67,0.73,0.87,0.59,0.77,0.09
0,2,663,0.67,0.76,0.9,0.78,0.71,0.15
0,2,664,0.71,0.81,0.95,0.77,0.63,0.24
0,2,665,0.82,0.89,0.92,0.84,0.7,0.1
0,2,666,0.79,0.85,0.93,0.84,0.88,0.14
0,2,667,0.77,0.83,0.91,0.77,0.61,0.14
0,2,668,0.77,0.83,0.91,0.76,0.86,0.1
0,2,669,0.91,0.93,0.97,0.88,0.95,0.25
0,2,67,0.72,0.56,0.88,0.64,0.65,0.14
0,2,670,0.64,0.76,0.88,0.69,0.52,0.24
0,2,671,0.66,0.77,0.87,0.63,0.61,0.12
0,2,672,0.5,0.46,0.84,0.6,0.38,0.1
0,2,673,0.79,0.82,0.94,0.75,0.83,0.19
0,2,674,0.83,0.82,0.94,0.75,0.81,0.23
0,2,675,0.62,0.79,0.87,0.7,0.6,0.11
0,2,676,0.64,0.82,0.88,0.76,0.68,0.15
0,2,677,0.7,0.73,0.9,0.76,0.64,0.11
0,2,678,0.53,0.43,0.86,0.54,0.36,0.14
0,2,679,0.64,0.79,0.85,0.66,0.64,0.09
0,2,68,0.77,0.78,0.91,0.81,0.71,0.16
0,2,680,0.52,0.54,0.81,0.46,0.63,0.08
0,2,681,0.72,0.88,0.89,0.83,0.8,0.17
0,2,682,0.68,0.79,0.9,0.64,0.72,0.15
0,2,69,0.49,0.64,0.83,0.51,0.7,0.09
0,2,690,0.53,0.7,0.84,0.61,0.6,0.06
0,2,691,0.64,0.75,0.85,0.75,0.63,0.08
0,2,692,0.56,0.74,0.87,0.65,0.52,0.07
0,2,693,0.74,0.78,0.87,0.71,0.57,0.08
0,2,694,0.53,0.48,0.86,0.58,0.52,0.11
0,2,695,0.48,0.59,0.84,0.73,0.57,0.08
0,2,696,0.74,0.82,0.92,0.81,0.72,0.18
0,2,697,0.66,0.85,0.87,0.74,0.6,0.11
0,2,698,0.75,0.8,0.85,0.73,0.6,0.09
0,2,699,0.57,0.72,0.89,0.59,0.68,0.15
0,2,7,0.74,0.81,0.91,0.8,0.82,0.14
0,2,70,0.6,0.79,0.91,0.59,0.6,0.17
0,2,700,0.59,0.59,0.9,0.7,0.76,0.13
0,2,701,0.61,0.59,0.85,0.57,0.43,0.08
0,2,702,0.7,0.9,0.91,0.82,0.75,0.23
0,2,71,0.66,0.73,0.88,0.66,0.59,0.08
0,2,72,0.61,0.73,0.88,0.56,0.63,0.11
0,2,73,0.74,0.75,0.89,0.65,0.56,0.17
0,2,74,0.56,0.64,0.87,0.63,0.47,0.11
0,2,75,0.56,0.52,0.85,0.42,0.58,0.09
0,2,76,0.57,0.62,0.87,0.61,0.69,0.17
0,2,77,0.52,0.68,0.87,0.6,0.64,0.12
0,2,78,0.59,0.79,0.87,0.62,0.53,0.12
0,2,79,0.82,0.81,0.9,0.71,0.69,0.16
0,2,8,0.7,0.63,0.89,0.58,0.73,0.16
0,2,80,0.73,0.83,0.9,0.66,0.79,0.16
0,2,81,0.74,0.85,0.9,0.74,0.71,0.12
0,2,83,0.8,0.8,0.92,0.81,0.72,0.15
0,2,84,0.66,0.55,0.89,0.56,0.66,0.14
0,2,85,0.63,0.74,0.89,0.63,0.74,0.16
0,2,86,0.7,0.77,0.9,0.61,0.73,0.17
0,2,87,0.58,0.8,0.88,0.72,0.74,0.13
0,2,88,0.64,0.53,0.87,0.66,0.56,0.12
0,2,89,0.41,0.47,0.88,0.62,0.55,0.09
0,2,9,0.44,0.43,0.87,0.65,0.55,0.07
0,2,90,0.67,0.75,0.92,0.75,0.75,0.14
0,2,92,0.34,0.47,0.86,0.4,0.4,0.12
0,2,93,0.54,0.79,0.84,0.62,0.62,0.08
0,2,94,0.39,0.45,0.84,0.44,0.45,0.07
0,2,95,0.64,0.59,0.88,0.67,0.66,0.15
0,2,96,0.4,0.57,0.88,0.55,0.58,0.13
0,2,97,0.54,0.64,0.85,0.42,0.7,0.09
0,2,98,0.57,0.82,0.87,0.69,0.6,0.13
